sku,_store,_attribute_set,_type,_category,_root_category,_product_websites,accept_offer_price,color,condition,cost,country_of_manufacture,cpu_cores,cpu_quantity,cpu_speed,created_at,custom_design,custom_design_from,custom_design_to,custom_layout_update,decline_offer_price,description,drive,featured,gallery,generation,gift_message_available,has_options,hdd1_capacity,hdd1_quantity,hdd_size,hdd_tech,image,image_label,manufacturer,media_gallery,meta_description,meta_keyword,meta_title,minimal_price,msrp,msrp_display_actual_price_type,msrp_enabled,name,news_from_date,news_to_date,options_container,page_layout,part_number,part_type,power_supply,price,processor,raid,ram_quantity,ram_technology,required_options,server_compatibility,server_type,short_description,small_image,small_image_label,special_from_date,special_price,special_to_date,status,tax_class_id,thumbnail,thumbnail_label,updated_at,url_key,url_path,visibility,warranty,weight,qty,min_qty,use_config_min_qty,is_qty_decimal,backorders,use_config_backorders,min_sale_qty,use_config_min_sale_qty,max_sale_qty,use_config_max_sale_qty,is_in_stock,notify_stock_qty,use_config_notify_stock_qty,manage_stock,use_config_manage_stock,stock_status_changed_auto,use_config_qty_increments,qty_increments,use_config_enable_qty_inc,enable_qty_increments,is_decimal_divided,_links_related_sku,_links_related_position,_links_crosssell_sku,_links_crosssell_position,_links_upsell_sku,_links_upsell_position,_associated_sku,_associated_default_qty,_associated_position,_tier_price_website,_tier_price_customer_group,_tier_price_qty,_tier_price_price,_group_price_website,_group_price_customer_group,_group_price_price,_media_attribute_id,_media_image,_media_lable,_media_position,_media_is_disabled
proliant-dl360-g5-dual-core-1,,Server,simple,Servers,Default Category,base,295,,,,,Dual,2,2.33GHz,2015-01-28 21:38:29,,,,,294.0,"<div id=""product-full-descript""><p>Combining concentrated 1U compute power, integrated Lights-Out management, and essential fault tolerance, the HP ProLiant DL360 is optimized for spaceconstrained installations. Quad or Dual-core Xeon processors, DDR2 Fully Buffered DIMMs, Serial Attached SCSI (SAS) and PCI Express technology provide a high performance system ideal for the full range of scale out applications. What's more, the HP ProLiant DL360 G5 steps up the fault tolerant in an ultra dense platform with redundant power, redundant fans, mirrored memory or online spare memory, embedded RAID capability, and full-featured remote Lights-Out management.</p></div>",Optical,No,,G5,,0,146GB,2,"2.5""",SAS,/p/r/proliant-dl360-g5-dual-core.jpg,,HP,,Buy your ProLiant DL360 G5 - Dual-Core today or call us to configure one for your needs. Full warranty and thoroughly tested before shipping to you.,,Refurbished ProLiant DL360 G5 - Dual-Core Servers,,,Use config,Use config,ProLiant DL360 G5 - Dual-Core,,,Block after Info Column,,,,Redundant,295.0000,Intel,Yes,4GB,DDR2,0,,Rack - 1U,Need an Upgrade? Call Us!<br><strong>770-850-8400</strong>,/p/r/proliant-dl360-g5-dual-core.jpg,,,,,1,2,/p/r/proliant-dl360-g5-dual-core.jpg,,2015-02-24 19:04:34,proliant-dl360-g5-dual-core-1,proliant-dl360-g5-dual-core-1,4,1 Year,45.0000,0.0000,0.0000,1,0,0,1,1.0000,1,0.0000,1,0,1.0000,1,0,1,1,1,0.0000,1,0,0,,,,,,,,,,,,,,,,,88,/p/r/proliant-dl360-g5-dual-core.jpg,ProLiant DL360 G5 - Dual-Core,1,0
,,,,Servers/HP Servers,Default Category,,,,,,,,,,,,,,,,,,,,,,,,,,,,,,,,,,,,,,,,,,,,,,,,,,,,,,,,,,,,,,,,,,,,,,,,,,,,,,,,,,,,,,,,,,,,,,,,,,,,,,,,,,,,,,,
,,,,Servers/HP Servers/HP 1U Racks,Default Category,,,,,,,,,,,,,,,,,,,,,,,,,,,,,,,,,,,,,,,,,,,,,,,,,,,,,,,,,,,,,,,,,,,,,,,,,,,,,,,,,,,,,,,,,,,,,,,,,,,,,,,,,,,,,,,
proliant-dl360-g5-quad-core-1,,Server,simple,Servers,Default Category,base,295,,,,,Quad,2,2.53GHz,2015-01-28 21:38:29,,,,,294.0,"<div id=""product-full-descript""><p>Combining concentrated 1U compute power, integrated Lights-Out management, and essential fault tolerance, the HP ProLiant DL360 is optimized for spaceconstrained installations. Quad or Dual-core Xeon processors, DDR2 Fully Buffered DIMMs, Serial Attached SCSI (SAS) and PCI Express technology provide a high performance system ideal for the full range of scale out applications. What's more, the HP ProLiant DL360 G5 steps up the fault tolerant in an ultra dense platform with redundant power, redundant fans, mirrored memory or online spare memory, embedded RAID capability, and full-featured remote Lights-Out management.</p></div>",Optical,No,,G5,,0,146GB,2,"2.5""",SAS,/p/r/proliant-dl360-g5-quad-core.jpg,,HP,,Buy your ProLiant DL360 G5 - Quad-Core today or call us to configure one for your needs. Full warranty and thoroughly tested before shipping to you.,,Refurbished ProLiant DL360 G5 - Quad-Core Servers,,,Use config,Use config,ProLiant DL360 G5 - Quad-Core,,,Block after Info Column,,,,Redundant,295.0000,Intel,Yes,4GB,DDR2,0,,Rack - 1U,Need an Upgrade? Call Us!<br><strong>770-850-8400</strong>,/p/r/proliant-dl360-g5-quad-core.jpg,,,,,1,2,/p/r/proliant-dl360-g5-quad-core.jpg,,2015-02-24 19:04:34,proliant-dl360-g5-quad-core-1,proliant-dl360-g5-quad-core-1,4,1 Year,45.0000,0.0000,0.0000,1,0,0,1,1.0000,1,0.0000,1,0,1.0000,1,0,1,1,1,0.0000,1,0,0,,,,,,,,,,,,,,,,,88,/p/r/proliant-dl360-g5-quad-core.jpg,ProLiant DL360 G5 - Quad-Core,1,0
,,,,Servers/HP Servers,Default Category,,,,,,,,,,,,,,,,,,,,,,,,,,,,,,,,,,,,,,,,,,,,,,,,,,,,,,,,,,,,,,,,,,,,,,,,,,,,,,,,,,,,,,,,,,,,,,,,,,,,,,,,,,,,,,,
,,,,Servers/HP Servers/HP 1U Racks,Default Category,,,,,,,,,,,,,,,,,,,,,,,,,,,,,,,,,,,,,,,,,,,,,,,,,,,,,,,,,,,,,,,,,,,,,,,,,,,,,,,,,,,,,,,,,,,,,,,,,,,,,,,,,,,,,,,
proliant-dl380-g5-dual-core-1,,Server,simple,Servers,Default Category,base,455,,,,,Dual,2,2.33GHz,2015-01-28 21:38:29,,,,,454.0,"<div id=""product-full-descript""><p>The HP ProLiant DL380, the world's best selling server, delivers on its history of design excellence with enterprise-class uptime andmanageability, proven 2-socket Intel&reg; Xeon&reg; performance, and 2U density for a variety of rack deployments and applications.</p></div>",Optical,No,,G5,,0,146GB,2,"2.5""",SAS,/p/r/proliant-dl380-g5-dual-core.jpg,,HP,,Buy your ProLiant DL380 G5 - Dual-Core today or call us to configure one for your needs. Full warranty and thoroughly tested before shipping to you.,,Refurbished ProLiant DL380 G5 - Dual-Core Servers,,,Use config,Use config,ProLiant DL380 G5 - Dual-Core,,,Block after Info Column,,,,Redundant,455.0000,Intel,Yes,4GB,DDR2,0,,Rack - 2U,Need an Upgrade? Call Us!<br><strong>770-850-8400</strong>,/p/r/proliant-dl380-g5-dual-core.jpg,,,,,1,2,/p/r/proliant-dl380-g5-dual-core.jpg,,2015-02-24 19:04:34,proliant-dl380-g5-dual-core-1,proliant-dl380-g5-dual-core-1,4,1 Year,45.0000,0.0000,0.0000,1,0,0,1,1.0000,1,0.0000,1,0,1.0000,1,0,1,1,1,0.0000,1,0,0,,,,,,,,,,,,,,,,,88,/p/r/proliant-dl380-g5-dual-core.jpg,ProLiant DL380 G5 - Dual-Core,1,0
,,,,Servers/HP Servers,Default Category,,,,,,,,,,,,,,,,,,,,,,,,,,,,,,,,,,,,,,,,,,,,,,,,,,,,,,,,,,,,,,,,,,,,,,,,,,,,,,,,,,,,,,,,,,,,,,,,,,,,,,,,,,,,,,,
,,,,Servers/HP Servers/HP 2U Racks,Default Category,,,,,,,,,,,,,,,,,,,,,,,,,,,,,,,,,,,,,,,,,,,,,,,,,,,,,,,,,,,,,,,,,,,,,,,,,,,,,,,,,,,,,,,,,,,,,,,,,,,,,,,,,,,,,,,
proliant-dl380-g5-quad-core-1,,Server,simple,Servers,Default Category,base,595,,,,,Quad,2,2.53GHz,2015-01-28 21:38:29,,,,,594.0,"<div id=""product-full-descript""><p>The HP ProLiant DL380, the world's best selling server, delivers on its history of design excellence with enterprise-class uptime andmanageability, proven 2-socket Intel&reg; Xeon&reg; performance, and 2U density for a variety of rack deployments and applications.</p></div>",Optical,No,,G5,,0,146GB,2,"2.5""",SAS,/p/r/proliant-dl380-g5-quad-core.jpg,,HP,,Buy your ProLiant DL380 G5 - Quad-Core today or call us to configure one for your needs. Full warranty and thoroughly tested before shipping to you.,,Refurbished ProLiant DL380 G5 - Quad-Core Servers,,,Use config,Use config,ProLiant DL380 G5 - Quad-Core,,,Block after Info Column,,,,Redundant,595.0000,Intel,Yes,4GB,DDR2,0,,Rack - 2U,Need an Upgrade? Call Us!<br><strong>770-850-8400</strong>,/p/r/proliant-dl380-g5-quad-core.jpg,,,,,1,2,/p/r/proliant-dl380-g5-quad-core.jpg,,2015-02-24 19:04:34,proliant-dl380-g5-quad-core-1,proliant-dl380-g5-quad-core-1,4,1 Year,45.0000,0.0000,0.0000,1,0,0,1,1.0000,1,0.0000,1,0,1.0000,1,0,1,1,1,0.0000,1,0,0,,,,,,,,,,,,,,,,,88,/p/r/proliant-dl380-g5-quad-core.jpg,ProLiant DL380 G5 - Quad-Core,1,0
,,,,Servers/HP Servers,Default Category,,,,,,,,,,,,,,,,,,,,,,,,,,,,,,,,,,,,,,,,,,,,,,,,,,,,,,,,,,,,,,,,,,,,,,,,,,,,,,,,,,,,,,,,,,,,,,,,,,,,,,,,,,,,,,,
,,,,Servers/HP Servers/HP 2U Racks,Default Category,,,,,,,,,,,,,,,,,,,,,,,,,,,,,,,,,,,,,,,,,,,,,,,,,,,,,,,,,,,,,,,,,,,,,,,,,,,,,,,,,,,,,,,,,,,,,,,,,,,,,,,,,,,,,,,
proliant-dl160-g6-1,,Server,simple,Servers,Default Category,base,995,,,,,Quad,2,2.26GHz,2015-01-28 21:38:29,,,,,994.0,<strong>For Additional Configurations and Operating Systems Call Us at 770-850-8400</strong>,Optical,No,,G6,,0,146GB,2,"3.5""",SAS,/p/r/proliant-dl160-g6.jpg,,HP,,Buy your ProLiant DL160 G6 today or call us to configure one for your needs. Full warranty and thoroughly tested before shipping to you.,,Refurbished ProLiant DL160 G6 Servers,,,Use config,Use config,ProLiant DL160 G6,,,Block after Info Column,,,,Redundant,995.0000,Intel,Yes,16GB,DDR3,0,,Rack - 1U,Need an Upgrade? Call Us!<br><strong>770-850-8400</strong>,/p/r/proliant-dl160-g6.jpg,,,,,1,2,/p/r/proliant-dl160-g6.jpg,,2015-02-24 19:04:34,proliant-dl160-g6-1,proliant-dl160-g6-1,4,3 Year,45.0000,0.0000,0.0000,1,0,0,1,1.0000,1,0.0000,1,0,1.0000,1,0,1,1,1,0.0000,1,0,0,,,,,,,,,,,,,,,,,88,/p/r/proliant-dl160-g6.jpg,ProLiant DL160 G6,1,0
,,,,Servers/HP Servers,Default Category,,,,,,,,,,,,,,,,,,,,,,,,,,,,,,,,,,,,,,,,,,,,,,,,,,,,,,,,,,,,,,,,,,,,,,,,,,,,,,,,,,,,,,,,,,,,,,,,,,,,,,,,,,,,,,,
,,,,Servers/HP Servers/HP 1U Racks,Default Category,,,,,,,,,,,,,,,,,,,,,,,,,,,,,,,,,,,,,,,,,,,,,,,,,,,,,,,,,,,,,,,,,,,,,,,,,,,,,,,,,,,,,,,,,,,,,,,,,,,,,,,,,,,,,,,
proliant-dl180-g6-1,,Server,simple,Servers,Default Category,base,999,,,,,Quad,2,2.26GHz,2015-01-28 21:38:29,,,,,998.0,"<div id=""product-full-descript""><p>The HP ProLiant DL180 G6 Server is a cost-effective, general-purpose server that meets the needs of all types of businesses. With powerful dual-processor capability, power efficiency and essential features for 32-bit and 64-bit applications. The DL180 G6 is a great choice for either server or storage uses.  Items marked with a * are available for upgrade directly on our site, if you require other upgrades please use the Request a Quote button or Call Us Toll-Free at 1(888)413-8900.</p></div>",Optical,No,,G6,,0,146GB,4,"2.5""",SAS,/p/r/proliant-dl180-g6.jpg,,HP,,Buy your ProLiant DL180 G6 today or call us to configure one for your needs. Full warranty and thoroughly tested before shipping to you.,,Refurbished ProLiant DL180 G6 Servers,,,Use config,Use config,ProLiant DL180 G6,,,Block after Info Column,,,,Single,999.0000,Intel,Yes,16GB,DDR3,0,,Rack - 1U,Need an Upgrade? Call Us!<br><strong>770-850-8400</strong>,/p/r/proliant-dl180-g6.jpg,,,,,1,2,/p/r/proliant-dl180-g6.jpg,,2015-02-24 19:04:34,proliant-dl180-g6-1,proliant-dl180-g6-1,4,3 Year,45.0000,0.0000,0.0000,1,0,0,1,1.0000,1,0.0000,1,0,1.0000,1,0,1,1,1,0.0000,1,0,0,,,,,,,,,,,,,,,,,88,/p/r/proliant-dl180-g6.jpg,ProLiant DL180 G6,1,0
,,,,Servers/HP Servers,Default Category,,,,,,,,,,,,,,,,,,,,,,,,,,,,,,,,,,,,,,,,,,,,,,,,,,,,,,,,,,,,,,,,,,,,,,,,,,,,,,,,,,,,,,,,,,,,,,,,,,,,,,,,,,,,,,,
,,,,Servers/HP Servers/HP 1U Racks,Default Category,,,,,,,,,,,,,,,,,,,,,,,,,,,,,,,,,,,,,,,,,,,,,,,,,,,,,,,,,,,,,,,,,,,,,,,,,,,,,,,,,,,,,,,,,,,,,,,,,,,,,,,,,,,,,,,
proliant-dl360-g6-1,,Server,simple,Servers,Default Category,base,655,,,,,Quad,2,2.53GHz,2015-01-28 21:38:29,,,,,654.0,<strong>For Additional Configurations and Operating Systems Call Us at 770-850-8400</strong>,Optical,No,,G6,,0,146GB,2,"2.5""",SAS,/p/r/proliant-dl360-g6-8x-2.5-chassis.jpg,"ProLiant DL360 G6 - 8x 2.5"" Chassis",HP,,"Buy your ProLiant DL360 G6 - 8x 2.5"" Chassis today or call us to configure one for your needs. Full warranty and thoroughly tested before shipping to you.",,Refurbished ProLiant DL360 G6 Servers,,,Use config,Use config,ProLiant DL360 G6,,,Block after Info Column,,,,Single,655.0000,Intel,Yes,8GB,DDR3,0,,Rack - 1U,Need an Upgrade? Call Us!<br><strong>770-850-8400</strong>,/p/r/proliant-dl360-g6-8x-2.5-chassis.jpg,"ProLiant DL360 G6 - 8x 2.5"" Chassis",,,,1,2,/p/r/proliant-dl360-g6-8x-2.5-chassis.jpg,"ProLiant DL360 G6 - 8x 2.5"" Chassis",2015-02-24 19:04:34,proliant-dl360-g6-1,proliant-dl360-g6-1,4,3 Year,45.0000,0.0000,0.0000,1,0,0,1,1.0000,1,0.0000,1,0,1.0000,1,0,1,1,1,0.0000,1,0,0,,,,,,,,,,,,,,,,,88,/p/r/proliant-dl360-g6-8x-2.5-chassis.jpg,"ProLiant DL360 G6 - 8x 2.5"" Chassis",1,0
,,,,Servers/HP Servers,Default Category,,,,,,,,,,,,,,,,,,,,,,,,,,,,,,,,,,,,,,,,,,,,,,,,,,,,,,,,,,,,,,,,,,,,,,,,,,,,,,,,,,,,,,,,,,,,,,,,,,,,,,,,,,,,,,,
,,,,Servers/HP Servers/HP 1U Racks,Default Category,,,,,,,,,,,,,,,,,,,,,,,,,,,,,,,,,,,,,,,,,,,,,,,,,,,,,,,,,,,,,,,,,,,,,,,,,,,,,,,,,,,,,,,,,,,,,,,,,,,,,,,,,,,,,,,
proliant-dl370-g6-1,,Server,simple,Servers,Default Category,base,1195,,,,,Dual,2,2.26GHz,2015-01-28 21:38:29,,,,,1194.0,<strong>For Additional Configurations and Operating Systems Call Us at 770-850-8400</strong>,Optical,No,,G6,,0,146GB,6,"2.5""",SAS,/p/r/proliant-dl370-g6.jpg,,HP,,Buy your Proliant DL370 G6 today or call us to configure one for your needs. Full warranty and thoroughly tested before shipping to you.,,Refurbished Proliant DL370 G6 Servers,,,Use config,Use config,Proliant DL370 G6,,,Block after Info Column,,,,Redundant,1195.0000,Intel,Yes,32GB,DDR3,0,,Rack - 4U+,Need an Upgrade? Call Us!<br><strong>770-850-8400</strong>,/p/r/proliant-dl370-g6.jpg,,,,,1,2,/p/r/proliant-dl370-g6.jpg,,2015-02-24 19:04:34,proliant-dl370-g6-1,proliant-dl370-g6-1,4,3 Year,45.0000,0.0000,0.0000,1,0,0,1,1.0000,1,0.0000,1,0,1.0000,1,0,1,1,1,0.0000,1,0,0,,,,,,,,,,,,,,,,,88,/p/r/proliant-dl370-g6.jpg,Proliant DL370 G6,1,0
,,,,Servers/HP Servers,Default Category,,,,,,,,,,,,,,,,,,,,,,,,,,,,,,,,,,,,,,,,,,,,,,,,,,,,,,,,,,,,,,,,,,,,,,,,,,,,,,,,,,,,,,,,,,,,,,,,,,,,,,,,,,,,,,,
,,,,Servers/HP Servers/HP 4U+ Racks,Default Category,,,,,,,,,,,,,,,,,,,,,,,,,,,,,,,,,,,,,,,,,,,,,,,,,,,,,,,,,,,,,,,,,,,,,,,,,,,,,,,,,,,,,,,,,,,,,,,,,,,,,,,,,,,,,,,
proliant-dl380-g6-1,,Server,simple,Servers,Default Category,base,675,,,,,Quad,2,2.26GHz,2015-01-28 21:38:29,,,,,674.0,"<div id=""product-full-descript""><p>The HP ProLiant DL380, the world's best selling server, delivers on its history of design excellence with enterprise-class uptime andmanageability, proven 2-socket Intel&reg; Xeon&reg; performance, and 2U density for a variety of rack deployments and applications. Items marked with a * are available for upgrade directly on our site, if you require other upgrades please use the Request a Quote button or Call Us Toll-Free at 1(888)413-8900.</p></div>",Optical,No,,G6,,0,146GB,2,"2.5""",SAS,/p/r/proliant-dl380-g6.jpg,ProLiant DL380 G6,HP,,Buy your ProLiant DL380 G6 today or call us to configure one for your needs. Full warranty and thoroughly tested before shipping to you.,,Refurbished ProLiant DL380 G6 Servers,,,Use config,Use config,ProLiant DL380 G6,,,Block after Info Column,,,,Single,675.0000,Intel,Yes,16GB,DDR3,0,,Rack - 2U,Need an Upgrade? Call Us!<br><strong>770-850-8400</strong>,/p/r/proliant-dl380-g6.jpg,ProLiant DL380 G6,,,,1,2,/p/r/proliant-dl380-g6.jpg,ProLiant DL380 G6,2015-02-24 19:04:34,proliant-dl380-g6-1,proliant-dl380-g6-1,4,3 Year,45.0000,0.0000,0.0000,1,0,0,1,1.0000,1,0.0000,1,0,1.0000,1,0,1,1,1,0.0000,1,0,0,,,,,,,,,,,,,,,,,88,/p/r/proliant-dl380-g6.jpg,ProLiant DL380 G6,1,0
,,,,Servers/HP Servers,Default Category,,,,,,,,,,,,,,,,,,,,,,,,,,,,,,,,,,,,,,,,,,,,,,,,,,,,,,,,,,,,,,,,,,,,,,,,,,,,,,,,,,,,,,,,,,,,,,,,,,,,,,,,,,,,,,,
,,,,Servers/HP Servers/HP 2U Racks,Default Category,,,,,,,,,,,,,,,,,,,,,,,,,,,,,,,,,,,,,,,,,,,,,,,,,,,,,,,,,,,,,,,,,,,,,,,,,,,,,,,,,,,,,,,,,,,,,,,,,,,,,,,,,,,,,,,
proliant-dl380-g6-nas-server-1,,Server,simple,Servers,Default Category,base,1450,,,,,Quad,2,2.26GHz,2015-01-28 21:38:29,,,,,1449.0,<strong>For Additional Configurations and Operating Systems Call Us at 770-850-8400</strong>,Optical,Yes,,G6,,0,500GB,8,"2.5""",SATA,/p/r/proliant-dl380-g6-nas-server.jpg,,HP,,Buy your ProLiant DL380 G6 NAS Server today or call us to configure one for your needs. Full warranty and thoroughly tested before shipping to you.,,Refurbished ProLiant DL380 G6 NAS Server Servers,,,Use config,Use config,ProLiant DL380 G6 NAS Server,,,Block after Info Column,,,,Redundant,1450.0000,Intel,Yes,16GB,DDR3,0,,Rack - 2U,Need an Upgrade? Call Us!<br><strong>770-850-8400</strong>,/p/r/proliant-dl380-g6-nas-server.jpg,,,,,1,2,/p/r/proliant-dl380-g6-nas-server.jpg,,2015-02-24 19:04:34,proliant-dl380-g6-nas-server-1,proliant-dl380-g6-nas-server-1,4,3 Year,45.0000,0.0000,0.0000,1,0,0,1,1.0000,1,0.0000,1,0,1.0000,1,0,1,1,1,0.0000,1,0,0,,,,,,,,,,,,,,,,,88,/p/r/proliant-dl380-g6-nas-server.jpg,ProLiant DL380 G6 NAS Server,1,0
,,,,Servers/HP Servers,Default Category,,,,,,,,,,,,,,,,,,,,,,,,,,,,,,,,,,,,,,,,,,,,,,,,,,,,,,,,,,,,,,,,,,,,,,,,,,,,,,,,,,,,,,,,,,,,,,,,,,,,,,,,,,,,,,,
,,,,Servers/HP Servers/HP 2U Racks,Default Category,,,,,,,,,,,,,,,,,,,,,,,,,,,,,,,,,,,,,,,,,,,,,,,,,,,,,,,,,,,,,,,,,,,,,,,,,,,,,,,,,,,,,,,,,,,,,,,,,,,,,,,,,,,,,,,
proliant-dl360-g7-1,,Server,simple,Servers,Default Category,base,2455,,,,,Six,2,2.6GHz,2015-01-28 21:38:29,,,,,2454.0,<strong>For Additional Configurations and Operating Systems Call Us at 770-850-8400</strong>,Optical,Yes,,G7,,0,500GB,4,"2.5""",SATA,/p/r/proliant-dl360-g7.jpg,,HP,,Buy your Proliant DL360 G7 today or call us to configure one for your needs. Full warranty and thoroughly tested before shipping to you.,,Refurbished Proliant DL360 G7 Servers,,,Use config,Use config,Proliant DL360 G7,,,Block after Info Column,,,,Redundant,2455.0000,Intel,Yes,24GB,DDR3,0,,Rack - 1U,Need an Upgrade? Call Us!<br><strong>770-850-8400</strong>,/p/r/proliant-dl360-g7.jpg,,,,,1,2,/p/r/proliant-dl360-g7.jpg,,2015-02-24 19:04:34,proliant-dl360-g7-1,proliant-dl360-g7-1,4,3 Year,45.0000,0.0000,0.0000,1,0,0,1,1.0000,1,0.0000,1,0,1.0000,1,0,1,1,1,0.0000,1,0,0,,,,,,,,,,,,,,,,,88,/p/r/proliant-dl360-g7.jpg,Proliant DL360 G7,1,0
,,,,Servers/HP Servers,Default Category,,,,,,,,,,,,,,,,,,,,,,,,,,,,,,,,,,,,,,,,,,,,,,,,,,,,,,,,,,,,,,,,,,,,,,,,,,,,,,,,,,,,,,,,,,,,,,,,,,,,,,,,,,,,,,,
,,,,Servers/HP Servers/HP 1U Racks,Default Category,,,,,,,,,,,,,,,,,,,,,,,,,,,,,,,,,,,,,,,,,,,,,,,,,,,,,,,,,,,,,,,,,,,,,,,,,,,,,,,,,,,,,,,,,,,,,,,,,,,,,,,,,,,,,,,
proliant-dl380-g7-1,,Server,simple,Servers,Default Category,base,2424,,,,,Six,2,2.6GHz,2015-01-28 21:38:29,,,,,2423.0,<strong>For Additional Configurations and Operating Systems Call Us at 770-850-8400</strong>,Optical,Yes,,G7,,0,300GB,8,"2.5""",SAS,/p/r/proliant-dl380-g7.jpg,,HP,,Buy your Proliant DL380 G7 today or call us to configure one for your needs. Full warranty and thoroughly tested before shipping to you.,,Refurbished Proliant DL380 G7 Servers,,,Use config,Use config,Proliant DL380 G7,,,Block after Info Column,,,,Redundant,2424.0000,Intel,Yes,24GB,DDR3,0,,Rack - 2U,Need an Upgrade? Call Us!<br><strong>770-850-8400</strong>,/p/r/proliant-dl380-g7.jpg,,,,,1,2,/p/r/proliant-dl380-g7.jpg,,2015-02-24 19:04:34,proliant-dl380-g7-1,proliant-dl380-g7-1,4,3 Year,45.0000,0.0000,0.0000,1,0,0,1,1.0000,1,0.0000,1,0,1.0000,1,0,1,1,1,0.0000,1,0,0,,,,,,,,,,,,,,,,,88,/p/r/proliant-dl380-g7.jpg,Proliant DL380 G7,1,0
,,,,Servers/HP Servers,Default Category,,,,,,,,,,,,,,,,,,,,,,,,,,,,,,,,,,,,,,,,,,,,,,,,,,,,,,,,,,,,,,,,,,,,,,,,,,,,,,,,,,,,,,,,,,,,,,,,,,,,,,,,,,,,,,,
,,,,Servers/HP Servers/HP 2U Racks,Default Category,,,,,,,,,,,,,,,,,,,,,,,,,,,,,,,,,,,,,,,,,,,,,,,,,,,,,,,,,,,,,,,,,,,,,,,,,,,,,,,,,,,,,,,,,,,,,,,,,,,,,,,,,,,,,,,
proliant-dl580-g7-1,,Server,simple,Servers,Default Category,base,4995,,,,,Eight,4,2.26GHz,2015-01-28 21:38:29,,,,,4994.0,<strong>For Additional Configurations and Operating Systems Call Us at 770-850-8400</strong>,Optical,No,,G7,,0,256GB,4,"2.5""",SAS,/p/r/proliant-dl580-g7.jpg,,HP,,Buy your ProLiant DL580 G7 today or call us to configure one for your needs. Full warranty and thoroughly tested before shipping to you.,,Refurbished ProLiant DL580 G7 Servers,,,Use config,Use config,ProLiant DL580 G7,,,Block after Info Column,,,,Single,4995.0000,Intel,Yes,128GB,DDR,0,,Rack - 4U+,Need an Upgrade? Call Us!<br><strong>770-850-8400</strong>,/p/r/proliant-dl580-g7.jpg,,,,,1,2,/p/r/proliant-dl580-g7.jpg,,2015-02-24 19:04:34,proliant-dl580-g7-1,proliant-dl580-g7-1,4,3 Year,45.0000,0.0000,0.0000,1,0,0,1,1.0000,1,0.0000,1,0,1.0000,1,0,1,1,1,0.0000,1,0,0,,,,,,,,,,,,,,,,,88,/p/r/proliant-dl580-g7.jpg,ProLiant DL580 G7,1,0
,,,,Servers/HP Servers,Default Category,,,,,,,,,,,,,,,,,,,,,,,,,,,,,,,,,,,,,,,,,,,,,,,,,,,,,,,,,,,,,,,,,,,,,,,,,,,,,,,,,,,,,,,,,,,,,,,,,,,,,,,,,,,,,,,
,,,,Servers/HP Servers/HP 4U+ Racks,Default Category,,,,,,,,,,,,,,,,,,,,,,,,,,,,,,,,,,,,,,,,,,,,,,,,,,,,,,,,,,,,,,,,,,,,,,,,,,,,,,,,,,,,,,,,,,,,,,,,,,,,,,,,,,,,,,,
proliant-dl585-g7-1,,Server,simple,Servers,Default Category,base,3350,,,,,Twelve,2,2.4GHz,2015-01-28 21:38:29,,,,,3349.0,<strong>For Additional Configurations and Operating Systems Call Us at 770-850-8400</strong>,Optical,No,,G7,,0,146GB,8,"2.5""",SAS,/p/r/proliant-dl585-g7.jpg,,HP,,Buy your Proliant DL585 G7 today or call us to configure one for your needs. Full warranty and thoroughly tested before shipping to you.,,Refurbished Proliant DL585 G7 Servers,,,Use config,Use config,Proliant DL585 G7,,,Block after Info Column,,,,Four,3350.0000,AMD,Yes,64GB,DDR3,0,,Rack - 4U+,Need an Upgrade? Call Us!<br><strong>770-850-8400</strong>,/p/r/proliant-dl585-g7.jpg,,,,,1,2,/p/r/proliant-dl585-g7.jpg,,2015-02-24 19:04:34,proliant-dl585-g7-1,proliant-dl585-g7-1,4,3 Year,45.0000,0.0000,0.0000,1,0,0,1,1.0000,1,0.0000,1,0,1.0000,1,0,1,1,1,0.0000,1,0,0,,,,,,,,,,,,,,,,,88,/p/r/proliant-dl585-g7.jpg,Proliant DL585 G7,1,0
,,,,Servers/HP Servers,Default Category,,,,,,,,,,,,,,,,,,,,,,,,,,,,,,,,,,,,,,,,,,,,,,,,,,,,,,,,,,,,,,,,,,,,,,,,,,,,,,,,,,,,,,,,,,,,,,,,,,,,,,,,,,,,,,,
,,,,Servers/HP Servers/HP 4U+ Racks,Default Category,,,,,,,,,,,,,,,,,,,,,,,,,,,,,,,,,,,,,,,,,,,,,,,,,,,,,,,,,,,,,,,,,,,,,,,,,,,,,,,,,,,,,,,,,,,,,,,,,,,,,,,,,,,,,,,
proliant-dl360-g8-1,,Server,simple,Servers,Default Category,base,3777,,,,,Quad,2,2.4GHz,2015-01-28 21:38:29,,,,,3776.0,<strong>For Additional Configurations and Operating Systems Call Us at 770-850-8400</strong>,Optical,No,,G8,,0,1TB,2,"2.5""",SATA,/p/r/proliant-dl360-g8.jpg,,HP,,Buy your Proliant DL360 G8 today or call us to configure one for your needs. Full warranty and thoroughly tested before shipping to you.,,Refurbished Proliant DL360 G8 Servers,,,Use config,Use config,Proliant DL360 G8,,,Block after Info Column,,,,Redundant,3777.0000,Intel,Yes,8GB,DDR3,0,,Rack - 1U,Need an Upgrade? Call Us!<br><strong>770-850-8400</strong>,/p/r/proliant-dl360-g8.jpg,,,,,1,2,/p/r/proliant-dl360-g8.jpg,,2015-02-24 19:04:34,proliant-dl360-g8-1,proliant-dl360-g8-1,4,3 Year,45.0000,0.0000,0.0000,1,0,0,1,1.0000,1,0.0000,1,0,1.0000,1,0,1,1,1,0.0000,1,0,0,,,,,,,,,,,,,,,,,88,/p/r/proliant-dl360-g8.jpg,Proliant DL360 G8,1,0
,,,,Servers/HP Servers,Default Category,,,,,,,,,,,,,,,,,,,,,,,,,,,,,,,,,,,,,,,,,,,,,,,,,,,,,,,,,,,,,,,,,,,,,,,,,,,,,,,,,,,,,,,,,,,,,,,,,,,,,,,,,,,,,,,
,,,,Servers/HP Servers/HP 1U Racks,Default Category,,,,,,,,,,,,,,,,,,,,,,,,,,,,,,,,,,,,,,,,,,,,,,,,,,,,,,,,,,,,,,,,,,,,,,,,,,,,,,,,,,,,,,,,,,,,,,,,,,,,,,,,,,,,,,,
proliant-dl380-g8-1,,Server,simple,Servers,Default Category,base,5454,,,,,Six,2,1.9GHz,2015-01-28 21:38:29,,,,,5453.0,<strong>For Additional Configurations and Operating Systems Call Us at 770-850-8400</strong>,Optical,No,,G8,,0,1TB,2,"2.5""",SAS,/p/r/proliant-dl380-g8.jpg,,HP,,Buy your Proliant DL380 G8 today or call us to configure one for your needs. Full warranty and thoroughly tested before shipping to you.,,Refurbished Proliant DL380 G8 Servers,,,Use config,Use config,Proliant DL380 G8,,,Block after Info Column,,,,Redundant,5454.0000,Intel,Yes,24GB,DDR3,0,,Rack - 2U,Need an Upgrade? Call Us!<br><strong>770-850-8400</strong>,/p/r/proliant-dl380-g8.jpg,,,,,1,2,/p/r/proliant-dl380-g8.jpg,,2015-02-24 19:04:34,proliant-dl380-g8-1,proliant-dl380-g8-1,4,3 Year,45.0000,0.0000,0.0000,1,0,0,1,1.0000,1,0.0000,1,0,1.0000,1,0,1,1,1,0.0000,1,0,0,,,,,,,,,,,,,,,,,88,/p/r/proliant-dl380-g8.jpg,Proliant DL380 G8,1,0
,,,,Servers/HP Servers,Default Category,,,,,,,,,,,,,,,,,,,,,,,,,,,,,,,,,,,,,,,,,,,,,,,,,,,,,,,,,,,,,,,,,,,,,,,,,,,,,,,,,,,,,,,,,,,,,,,,,,,,,,,,,,,,,,,
,,,,Servers/HP Servers/HP 2U Racks,Default Category,,,,,,,,,,,,,,,,,,,,,,,,,,,,,,,,,,,,,,,,,,,,,,,,,,,,,,,,,,,,,,,,,,,,,,,,,,,,,,,,,,,,,,,,,,,,,,,,,,,,,,,,,,,,,,,
proliant-dl380p-g8-1,,Server,simple,Servers,Default Category,base,5995,,,,,Six,2,1.9GHz,2015-01-28 21:38:29,,,,,5994.0,<strong>For Additional Configurations and Operating Systems Call Us at 770-850-8400</strong>,Optical,No,,G8,,0,450GB,8,"2.5""",SAS,/p/r/proliant-dl380p-g8.jpg,,HP,,Buy your Proliant DL380P G8 today or call us to configure one for your needs. Full warranty and thoroughly tested before shipping to you.,,Refurbished Proliant DL380P G8 Servers,,,Use config,Use config,Proliant DL380P G8,,,Block after Info Column,,,,Redundant,5995.0000,Intel,Yes,96GB,DDR3,0,,Rack - 2U,Need an Upgrade? Call Us!<br><strong>770-850-8400</strong>,/p/r/proliant-dl380p-g8.jpg,,,,,1,2,/p/r/proliant-dl380p-g8.jpg,,2015-02-24 19:04:34,proliant-dl380p-g8-1,proliant-dl380p-g8-1,4,3 Year,45.0000,0.0000,0.0000,1,0,0,1,1.0000,1,0.0000,1,0,1.0000,1,0,1,1,1,0.0000,1,0,0,,,,,,,,,,,,,,,,,88,/p/r/proliant-dl380p-g8.jpg,Proliant DL380P G8,1,0
,,,,Servers/HP Servers,Default Category,,,,,,,,,,,,,,,,,,,,,,,,,,,,,,,,,,,,,,,,,,,,,,,,,,,,,,,,,,,,,,,,,,,,,,,,,,,,,,,,,,,,,,,,,,,,,,,,,,,,,,,,,,,,,,,
,,,,Servers/HP Servers/HP 2U Racks,Default Category,,,,,,,,,,,,,,,,,,,,,,,,,,,,,,,,,,,,,,,,,,,,,,,,,,,,,,,,,,,,,,,,,,,,,,,,,,,,,,,,,,,,,,,,,,,,,,,,,,,,,,,,,,,,,,,
proliant-dl580-g8-1,,Server,simple,Servers,Default Category,base,34500,,,,,Twelve,2,2.6GHz,2015-01-28 21:38:29,,,,,34499.0,<strong>For Additional Configurations and Operating Systems Call Us at 770-850-8400</strong>,Optical,No,,G8,,0,900GB,4,"2.5""",SAS,/p/r/proliant-dl580-g8.jpg,,HP,,Buy your Proliant DL580 G8 today or call us to configure one for your needs. Full warranty and thoroughly tested before shipping to you.,,Refurbished Proliant DL580 G8 Servers,,,Use config,Use config,Proliant DL580 G8,,,Block after Info Column,,,,Redundant,34500.0000,Intel,Yes,128GB,DDR3,0,,Rack - 4U+,Need an Upgrade? Call Us!<br><strong>770-850-8400</strong>,/p/r/proliant-dl580-g8.jpg,,,,,1,2,/p/r/proliant-dl580-g8.jpg,,2015-02-24 19:04:34,proliant-dl580-g8-1,proliant-dl580-g8-1,4,3 Year,45.0000,0.0000,0.0000,1,0,0,1,1.0000,1,0.0000,1,0,1.0000,1,0,1,1,1,0.0000,1,0,0,,,,,,,,,,,,,,,,,88,/p/r/proliant-dl580-g8.jpg,Proliant DL580 G8,1,0
,,,,Servers/HP Servers,Default Category,,,,,,,,,,,,,,,,,,,,,,,,,,,,,,,,,,,,,,,,,,,,,,,,,,,,,,,,,,,,,,,,,,,,,,,,,,,,,,,,,,,,,,,,,,,,,,,,,,,,,,,,,,,,,,,
,,,,Servers/HP Servers/HP 4U+ Racks,Default Category,,,,,,,,,,,,,,,,,,,,,,,,,,,,,,,,,,,,,,,,,,,,,,,,,,,,,,,,,,,,,,,,,,,,,,,,,,,,,,,,,,,,,,,,,,,,,,,,,,,,,,,,,,,,,,,
poweredge-r300-1,,Server,simple,Servers,Default Category,base,395,,,,,Quad,1,2.83GHz,2015-01-28 21:38:29,,,,,394.0,"<p><span style=""font-size: medium;"">The Dell&trade; PowerEdge&trade; R300 is a dependable space-saving server that provides exceptional reliability, availability, and performance with single-socket Intel processors, more memory and internal storage.</span></p>",Optical,No,,Generation 10,,0,1TB,1,"3.5""",SATA,/p/o/poweredge-r300.jpg,PowerEdge R300,Dell,,Buy your PowerEdge R300 today or call us to configure one for your needs. Full warranty and thoroughly tested before shipping to you.,,Refurbished PowerEdge R300 Servers,,,Use config,Use config,PowerEdge R300,,,Block after Info Column,,,,Single,395.0000,Intel,Yes,8GB,DDR2,0,,Rack - 1U,Need an Upgrade? Call Us!<br><strong>770-850-8400</strong>,/p/o/poweredge-r300.jpg,PowerEdge R300,,,,1,2,/p/o/poweredge-r300.jpg,PowerEdge R300,2015-02-24 19:29:54,poweredge-r300-1,poweredge-r300-1,4,1 Year,45.0000,0.0000,0.0000,1,0,0,1,1.0000,1,0.0000,1,0,1.0000,1,0,1,1,1,0.0000,1,0,0,,,,,,,,,,,,,,,,,88,/p/o/poweredge-r300.jpg,PowerEdge R300,1,0
,,,,Servers/Dell Servers,Default Category,,,,,,,,,,,,,,,,,,,,,,,,,,,,,,,,,,,,,,,,,,,,,,,,,,,,,,,,,,,,,,,,,,,,,,,,,,,,,,,,,,,,,,,,,,,,,,,,,,,,,,,,,,,,,,,
,,,,Servers/Dell Servers/Dell 1U Racks,Default Category,,,,,,,,,,,,,,,,,,,,,,,,,,,,,,,,,,,,,,,,,,,,,,,,,,,,,,,,,,,,,,,,,,,,,,,,,,,,,,,,,,,,,,,,,,,,,,,,,,,,,,,,,,,,,,,
poweredge-r900-1,,Server,simple,Servers,Default Category,base,667,,,,,Dual,4,2.9GHz,2015-01-28 21:38:29,,,,,666.0,"<p><span style=""font-size: medium;"">The Dell&trade; PowerEdge&trade; R900 provides performance and reliability in a scalable 4U, four-socket server allowing large workload consolidation or max virtualization machine density.</span></p>",Optical,No,,Generation 10,,0,146GB,2,"3.5""",SAS,/p/o/poweredge-r900.jpg,PowerEdge R900,Dell,,Buy your PowerEdge R900 today or call us to configure one for your needs. Full warranty and thoroughly tested before shipping to you.,,Refurbished PowerEdge R900 Servers,,,Use config,Use config,PowerEdge R900,,,Block after Info Column,,,,Redundant,667.0000,Intel,Yes,32GB,DDR2,0,,Rack - 4U+,Need an Upgrade? Call Us!<br><strong>770-850-8400</strong>,/p/o/poweredge-r900.jpg,PowerEdge R900,,,,1,2,/p/o/poweredge-r900.jpg,PowerEdge R900,2015-02-24 19:33:08,poweredge-r900-1,poweredge-r900-1,4,1 Year,45.0000,0.0000,0.0000,1,0,0,1,1.0000,1,0.0000,1,0,1.0000,1,0,1,1,1,0.0000,1,0,0,,,,,,,,,,,,,,,,,88,/p/o/poweredge-r900.jpg,PowerEdge R900,1,0
,,,,Servers/Dell Servers,Default Category,,,,,,,,,,,,,,,,,,,,,,,,,,,,,,,,,,,,,,,,,,,,,,,,,,,,,,,,,,,,,,,,,,,,,,,,,,,,,,,,,,,,,,,,,,,,,,,,,,,,,,,,,,,,,,,
,,,,Servers/Dell Servers/Dell 4U+ Racks,Default Category,,,,,,,,,,,,,,,,,,,,,,,,,,,,,,,,,,,,,,,,,,,,,,,,,,,,,,,,,,,,,,,,,,,,,,,,,,,,,,,,,,,,,,,,,,,,,,,,,,,,,,,,,,,,,,,
poweredge-r210-1,,Server,simple,Servers,Default Category,base,359,,,,,Quad,1,2.66GHz,2015-01-28 21:38:30,,,,,358.0,"<div id=""product-full-descript""><p>The ultra-compact, one-socket Dell&trade; PowerEdge&trade; R210 is a great first rack server for the small business or as a specialized application server for larger corporations. &nbsp;Items marked with a * are available for upgrade directly on our site, if you require other upgrades please use the Request a Quote button or Call Us Toll-Free at 1(888)413-8900.</p></div>",Optical,No,,Generation 11,,0,500GB,2,"3.5""",SATA,/p/o/poweredge-r210.jpg,,Dell,,Buy your PowerEdge R210 today or call us to configure one for your needs. Full warranty and thoroughly tested before shipping to you.,,Refurbished PowerEdge R210 Servers,,,Use config,Use config,PowerEdge R210,,,Block after Info Column,,,,Single,359.0000,Intel,None,8GB,DDR3,0,,Rack - 1U,Need an Upgrade? Call Us!<br><strong>770-850-8400</strong>,/p/o/poweredge-r210.jpg,,,,,1,2,/p/o/poweredge-r210.jpg,,2015-02-24 19:04:34,poweredge-r210-1,poweredge-r210-1,4,1 Year,45.0000,0.0000,0.0000,1,0,0,1,1.0000,1,0.0000,1,0,1.0000,1,0,1,1,1,0.0000,1,0,0,,,,,,,,,,,,,,,,,88,/p/o/poweredge-r210.jpg,PowerEdge R210,1,0
,,,,Servers/Dell Servers,Default Category,,,,,,,,,,,,,,,,,,,,,,,,,,,,,,,,,,,,,,,,,,,,,,,,,,,,,,,,,,,,,,,,,,,,,,,,,,,,,,,,,,,,,,,,,,,,,,,,,,,,,,,,,,,,,,,
,,,,Servers/Dell Servers/Dell 1U Racks,Default Category,,,,,,,,,,,,,,,,,,,,,,,,,,,,,,,,,,,,,,,,,,,,,,,,,,,,,,,,,,,,,,,,,,,,,,,,,,,,,,,,,,,,,,,,,,,,,,,,,,,,,,,,,,,,,,,
poweredge-r410-1,,Server,simple,Servers,Default Category,base,850,,,,,Quad,2,2.26GHz,2015-01-28 21:38:30,,,,,849.0,"<div id=""product-full-descript""><p>The Dell™ PowerEdge™ R410 is a compact, 2 socket 1U rack server with Intel® Xeon® quad core 5500 or hexa core 5600 series processors, DDR3 RAM and up to four hard drives (3.5"" or 2.5""). The Quick-release rack latching and logical placement of interface ports allows for easy installation and redeployment of the server. The R410 is a high performance server at a great price.   Items marked with a * are available for upgrade directly on our site, if you require other upgrades please use the Request a Quote button or Call Us Toll-Free at 1(888)413-8900.</p></div>",Optical,No,,Generation 11,,0,146GB,2,"3.5""",SATA,/p/o/poweredge-r410.jpg,,Dell,,Buy your PowerEdge R410 today or call us to configure one for your needs. Full warranty and thoroughly tested before shipping to you.,,Refurbished PowerEdge R410 Servers,,,Use config,Use config,PowerEdge R410,,,Block after Info Column,,,,Single,850.0000,Intel,Yes,16GB,DDR3,0,,Rack - 2U,Need an Upgrade? Call Us!<br><strong>770-850-8400</strong>,/p/o/poweredge-r410.jpg,,,,,1,2,/p/o/poweredge-r410.jpg,,2015-02-24 19:04:35,poweredge-r410-1,poweredge-r410-1,4,1 Year,45.0000,0.0000,0.0000,1,0,0,1,1.0000,1,0.0000,1,0,1.0000,1,0,1,1,1,0.0000,1,0,0,,,,,,,,,,,,,,,,,88,/p/o/poweredge-r410.jpg,PowerEdge R410,1,0
,,,,Servers/Dell Servers,Default Category,,,,,,,,,,,,,,,,,,,,,,,,,,,,,,,,,,,,,,,,,,,,,,,,,,,,,,,,,,,,,,,,,,,,,,,,,,,,,,,,,,,,,,,,,,,,,,,,,,,,,,,,,,,,,,,
,,,,Servers/Dell Servers/Dell 2U Racks,Default Category,,,,,,,,,,,,,,,,,,,,,,,,,,,,,,,,,,,,,,,,,,,,,,,,,,,,,,,,,,,,,,,,,,,,,,,,,,,,,,,,,,,,,,,,,,,,,,,,,,,,,,,,,,,,,,,
poweredge-r415-1,,Server,simple,Servers,Default Category,base,1450,,,,,Quad,2,2.6GHz,2015-01-28 21:38:30,,,,,1449.0,"<div id=""product-full-descript""><p>The PowerEdge R415 is built with AMD Opteron™ processors for remarkable price and performance.  The R415 features hot-swap hard drives and redundant power supplies to provide for better business data protection. In addition, the R415  features advanced systems management capabilities with an optional interactive LCD screen for easy system monitoring. Features like these help small to mid-sized businesses meet their needs as well as address many data center demands with superior stability, efficiency and long-term business value.   Items marked with a * are available for upgrade directly on our site, if you require other upgrades please use the Request a Quote button or Call Us Toll-Free at 1(888)413-8900.</p></div>",Optical,No,,Generation 11,,0,2TB,2,"3.5""",SATA,/p/o/poweredge-r415.jpg,,Dell,,Buy your PowerEdge R415 today or call us to configure one for your needs. Full warranty and thoroughly tested before shipping to you.,,Refurbished PowerEdge R415 Servers,,,Use config,Use config,PowerEdge R415,,,Block after Info Column,,,,Single,1450.0000,AMD,Yes,16GB,DDR3,0,,Rack - 1U,Need an Upgrade? Call Us!<br><strong>770-850-8400</strong>,/p/o/poweredge-r415.jpg,,,,,1,2,/p/o/poweredge-r415.jpg,,2015-02-24 19:04:35,poweredge-r415-1,poweredge-r415-1,4,3 Year,45.0000,0.0000,0.0000,1,0,0,1,1.0000,1,0.0000,1,0,1.0000,1,0,1,1,1,0.0000,1,0,0,,,,,,,,,,,,,,,,,88,/p/o/poweredge-r415.jpg,PowerEdge R415,1,0
,,,,Servers/Dell Servers,Default Category,,,,,,,,,,,,,,,,,,,,,,,,,,,,,,,,,,,,,,,,,,,,,,,,,,,,,,,,,,,,,,,,,,,,,,,,,,,,,,,,,,,,,,,,,,,,,,,,,,,,,,,,,,,,,,,
,,,,Servers/Dell Servers/Dell 1U Racks,Default Category,,,,,,,,,,,,,,,,,,,,,,,,,,,,,,,,,,,,,,,,,,,,,,,,,,,,,,,,,,,,,,,,,,,,,,,,,,,,,,,,,,,,,,,,,,,,,,,,,,,,,,,,,,,,,,,
poweredge-r510-8x-3.5-1,,Server,simple,Servers,Default Category,base,1885,,,,,Quad,2,2.26GHz,2015-01-28 21:38:30,,,,,1884.0,<strong>For Additional Configurations and Operating Systems Call Us at 770-850-8400</strong>,Optical,No,,Generation 11,,0,146GB,4,"3.5""",SATA,/p/o/poweredge-r510-8x-3.5.jpg,,Dell,,"Buy your PowerEdge R510 8x 3.5"" today or call us to configure one for your needs. Full warranty and thoroughly tested before shipping to you.",,"Refurbished PowerEdge R510 8x 3.5"" Servers",,,Use config,Use config,"PowerEdge R510 8x 3.5""",,,Block after Info Column,,,,Redundant,1885.0000,Intel,Yes,32GB,DDR3,0,,Rack - 2U,Need an Upgrade? Call Us!<br><strong>770-850-8400</strong>,/p/o/poweredge-r510-8x-3.5.jpg,,,,,1,2,/p/o/poweredge-r510-8x-3.5.jpg,,2015-02-24 19:04:35,poweredge-r510-8x-3-5-1,poweredge-r510-8x-3-5-1,4,3 Year,45.0000,0.0000,0.0000,1,0,0,1,1.0000,1,0.0000,1,0,1.0000,1,0,1,1,1,0.0000,1,0,0,,,,,,,,,,,,,,,,,88,/p/o/poweredge-r510-8x-3.5.jpg,"PowerEdge R510 8x 3.5""",1,0
,,,,Servers/Dell Servers,Default Category,,,,,,,,,,,,,,,,,,,,,,,,,,,,,,,,,,,,,,,,,,,,,,,,,,,,,,,,,,,,,,,,,,,,,,,,,,,,,,,,,,,,,,,,,,,,,,,,,,,,,,,,,,,,,,,
,,,,Servers/Dell Servers/Dell 2U Racks,Default Category,,,,,,,,,,,,,,,,,,,,,,,,,,,,,,,,,,,,,,,,,,,,,,,,,,,,,,,,,,,,,,,,,,,,,,,,,,,,,,,,,,,,,,,,,,,,,,,,,,,,,,,,,,,,,,,
poweredge-r515-12-x-3.5-chassis-1,,Server,simple,Servers,Default Category,base,2355,,,,,Six,2,2.3GHz,2015-01-28 21:38:30,,,,,2354.0,"<div id=""product-full-descript""><p>The Dell™ PowerEdge™ R515 is a 2U Rack Server offers outstanding price for performance with AMD Opteron™ processors and enterprise-class features, including advanced systems management capabilities, an interactive LCD screen (8 hard drive model) as well as hot-swap hard drives and redundant power supplies for additional business data protection. Items marked with a * are available for upgrade directly on our site, if you require other upgrades please use the Request a Quote button or Call Us Toll-Free at 1(888)413-8900.</p></div>",Optical,No,,Generation 11,,0,500GB,2,"3.5""",SATA,/p/o/poweredge-r515-12-x-3.5-chassis.jpg,,Dell,,"Buy your PowerEdge R515 - 12 x 3.5"" Chassis today or call us to configure one for your needs. Full warranty and thoroughly tested before shipping to you.",,"Refurbished PowerEdge R515 - 12 x 3.5"" Chassis Servers",,,Use config,Use config,"PowerEdge R515 - 12 x 3.5"" Chassis",,,Block after Info Column,,,,Redundant,2355.0000,AMD,Yes,32GB,DDR3,0,,Rack - 2U,Need an Upgrade? Call Us!<br><strong>770-850-8400</strong>,/p/o/poweredge-r515-12-x-3.5-chassis.jpg,,,,,1,2,/p/o/poweredge-r515-12-x-3.5-chassis.jpg,,2015-02-24 19:04:35,poweredge-r515-12-x-3-5-chassis-1,poweredge-r515-12-x-3-5-chassis-1,4,3 Year,45.0000,0.0000,0.0000,1,0,0,1,1.0000,1,0.0000,1,0,1.0000,1,0,1,1,1,0.0000,1,0,0,,,,,,,,,,,,,,,,,88,/p/o/poweredge-r515-12-x-3.5-chassis.jpg,"PowerEdge R515 - 12 x 3.5"" Chassis",1,0
,,,,Servers/Dell Servers,Default Category,,,,,,,,,,,,,,,,,,,,,,,,,,,,,,,,,,,,,,,,,,,,,,,,,,,,,,,,,,,,,,,,,,,,,,,,,,,,,,,,,,,,,,,,,,,,,,,,,,,,,,,,,,,,,,,
,,,,Servers/Dell Servers/Dell 2U Racks,Default Category,,,,,,,,,,,,,,,,,,,,,,,,,,,,,,,,,,,,,,,,,,,,,,,,,,,,,,,,,,,,,,,,,,,,,,,,,,,,,,,,,,,,,,,,,,,,,,,,,,,,,,,,,,,,,,,
poweredge-r610-1,,Server,simple,Servers,Default Category,base,755,,,,,Quad,2,2.26GHz,2015-01-28 21:38:30,,,,,754.0,"<div id=""product-full-descript""><p>The Dell™ PowerEdge™ R610 offers simplified management, purposeful design, and energy efficiency combined in a rack server that can help you better manage your enterprise.  Items marked with a * are available for upgrade directly on our site, if you require other upgrades please use the Request a Quote button or Call Us Toll-Free at 1(888)413-8900.</p></div>",Optical,No,,Generation 11,,0,146GB,2,"2.5""",SATA,/p/o/poweredge-r610.jpg,,Dell,,Buy your PowerEdge R610 today or call us to configure one for your needs. Full warranty and thoroughly tested before shipping to you.,,Refurbished PowerEdge R610 Servers,,,Use config,Use config,PowerEdge R610,,,Block after Info Column,,,,Single,755.0000,Intel,Yes,16GB,DDR3,0,,Rack - 1U,Need an Upgrade? Call Us!<br><strong>770-850-8400</strong>,/p/o/poweredge-r610.jpg,,,,,1,2,/p/o/poweredge-r610.jpg,,2015-02-24 19:04:35,poweredge-r610-1,poweredge-r610-1,4,3 Year,45.0000,0.0000,0.0000,1,0,0,1,1.0000,1,0.0000,1,0,1.0000,1,0,1,1,1,0.0000,1,0,0,,,,,,,,,,,,,,,,,88,/p/o/poweredge-r610.jpg,PowerEdge R610,1,0
,,,,Servers/Dell Servers,Default Category,,,,,,,,,,,,,,,,,,,,,,,,,,,,,,,,,,,,,,,,,,,,,,,,,,,,,,,,,,,,,,,,,,,,,,,,,,,,,,,,,,,,,,,,,,,,,,,,,,,,,,,,,,,,,,,
,,,,Servers/Dell Servers/Dell 1U Racks,Default Category,,,,,,,,,,,,,,,,,,,,,,,,,,,,,,,,,,,,,,,,,,,,,,,,,,,,,,,,,,,,,,,,,,,,,,,,,,,,,,,,,,,,,,,,,,,,,,,,,,,,,,,,,,,,,,,
poweredge-r710-6-x-3.5-chassis-1,,Server,simple,Servers,Default Category,base,795,,,,,Quad,2,2.26GHz,2015-01-28 21:38:30,,,,,794.0,"<div id=""product-full-descript""><p>The Dell™ PowerEdge™ R710 is a 2U Rack Server designed to handle the technology needs required by todays business world. The PowerEdge™ R710 features enhanced virtualization capabilities, improved energy efficiency, and innovative system management tools helping improve your efficiency and lower TCO. Utilizing Intel® Xeon® 5500 and 5600 series processors, up to 192GB of RAM, and up to eight 2.5"" or six 3.5"" SAS or SATA hard drives, the Dell™ PowerEdge™ R710 is the perfect server for your business.  Items marked with a * are available for upgrade directly on our site, if you require other upgrades please use the Request a Quote button or Call Us Toll-Free at 1(888)413-8900.</p></div>",Optical,Yes,,Generation 11,,0,146GB,2,"3.5""",SAS,/p/o/poweredge-r710-6-x-3.5-chassis.jpg,,Dell,,"Buy your PowerEdge R710 - 6 x 3.5"" Chassis today or call us to configure one for your needs. Full warranty and thoroughly tested before shipping to you.",,"Refurbished PowerEdge R710 - 6 x 3.5"" Chassis Servers",,,Use config,Use config,"PowerEdge R710 - 6 x 3.5"" Chassis",,,Block after Info Column,,,,Single,795.0000,Intel,Yes,16GB,DDR3,0,,Rack - 2U,Need an Upgrade? Call Us!<br><strong>770-850-8400</strong>,/p/o/poweredge-r710-6-x-3.5-chassis.jpg,,,,,1,2,/p/o/poweredge-r710-6-x-3.5-chassis.jpg,,2015-02-24 19:04:35,poweredge-r710-6-x-3-5-chassis-1,poweredge-r710-6-x-3-5-chassis-1,4,3 Year,45.0000,0.0000,0.0000,1,0,0,1,1.0000,1,0.0000,1,0,1.0000,1,0,1,1,1,0.0000,1,0,0,,,,,,,,,,,,,,,,,88,/p/o/poweredge-r710-6-x-3.5-chassis.jpg,"PowerEdge R710 - 6 x 3.5"" Chassis",1,0
,,,,Servers/Dell Servers,Default Category,,,,,,,,,,,,,,,,,,,,,,,,,,,,,,,,,,,,,,,,,,,,,,,,,,,,,,,,,,,,,,,,,,,,,,,,,,,,,,,,,,,,,,,,,,,,,,,,,,,,,,,,,,,,,,,
,,,,Servers/Dell Servers/Dell 2U Racks,Default Category,,,,,,,,,,,,,,,,,,,,,,,,,,,,,,,,,,,,,,,,,,,,,,,,,,,,,,,,,,,,,,,,,,,,,,,,,,,,,,,,,,,,,,,,,,,,,,,,,,,,,,,,,,,,,,,
poweredge-r710-8-x-2.5-chassis-1,,Server,simple,Servers,Default Category,base,875,,,,,Quad,2,2.26GHz,2015-01-28 21:38:30,,,,,874.0,<strong>For Additional Configurations and Operating Systems Call Us at 770-850-8400</strong>,Optical,No,,Generation 11,,0,146GB,2,"2.5""",SATA,/p/o/poweredge-r710-8-x-2.5-chassis.jpg,,Dell,,"Buy your Poweredge R710- 8 x 2.5"" Chassis today or call us to configure one for your needs. Full warranty and thoroughly tested before shipping to you.",,"Refurbished Poweredge R710- 8 x 2.5"" Chassis Servers",,,Use config,Use config,"Poweredge R710- 8 x 2.5"" Chassis",,,Block after Info Column,,,,Single,875.0000,Intel,Yes,16GB,DDR3,0,,Rack - 2U,Need an Upgrade? Call Us!<br><strong>770-850-8400</strong>,/p/o/poweredge-r710-8-x-2.5-chassis.jpg,,,,,1,2,/p/o/poweredge-r710-8-x-2.5-chassis.jpg,,2015-02-24 19:04:35,poweredge-r710-8-x-2-5-chassis-1,poweredge-r710-8-x-2-5-chassis-1,4,3 Year,45.0000,0.0000,0.0000,1,0,0,1,1.0000,1,0.0000,1,0,1.0000,1,0,1,1,1,0.0000,1,0,0,,,,,,,,,,,,,,,,,88,/p/o/poweredge-r710-8-x-2.5-chassis.jpg,"Poweredge R710- 8 x 2.5"" Chassis",1,0
,,,,Servers/Dell Servers,Default Category,,,,,,,,,,,,,,,,,,,,,,,,,,,,,,,,,,,,,,,,,,,,,,,,,,,,,,,,,,,,,,,,,,,,,,,,,,,,,,,,,,,,,,,,,,,,,,,,,,,,,,,,,,,,,,,
,,,,Servers/Dell Servers/Dell 2U Racks,Default Category,,,,,,,,,,,,,,,,,,,,,,,,,,,,,,,,,,,,,,,,,,,,,,,,,,,,,,,,,,,,,,,,,,,,,,,,,,,,,,,,,,,,,,,,,,,,,,,,,,,,,,,,,,,,,,,
poweredge-r715-1,,Server,simple,Servers,Default Category,base,2255,,,,,Quad,2,2.1GHz,2015-01-28 21:38:30,,,,,2254.0,<strong>For Additional Configurations and Operating Systems Call Us at 770-850-8400</strong>,Optical,No,,Generation 11,,0,146GB,6,"3.5""",SAS,/p/o/poweredge-r715.jpg,,Dell,,Buy your PowerEdge R715 today or call us to configure one for your needs. Full warranty and thoroughly tested before shipping to you.,,Refurbished PowerEdge R715 Servers,,,Use config,Use config,PowerEdge R715,,,Block after Info Column,,,,Redundant,2255.0000,AMD,H700,32GB,DDR3,0,,Rack - 2U,Need an Upgrade? Call Us!<br><strong>770-850-8400</strong>,/p/o/poweredge-r715.jpg,,,,,1,2,/p/o/poweredge-r715.jpg,,2015-02-24 19:04:35,poweredge-r715-1,poweredge-r715-1,4,3 Year,45.0000,0.0000,0.0000,1,0,0,1,1.0000,1,0.0000,1,0,1.0000,1,0,1,1,1,0.0000,1,0,0,,,,,,,,,,,,,,,,,88,/p/o/poweredge-r715.jpg,PowerEdge R715,1,0
,,,,Servers/Dell Servers,Default Category,,,,,,,,,,,,,,,,,,,,,,,,,,,,,,,,,,,,,,,,,,,,,,,,,,,,,,,,,,,,,,,,,,,,,,,,,,,,,,,,,,,,,,,,,,,,,,,,,,,,,,,,,,,,,,,
,,,,Servers/Dell Servers/Dell 2U Racks,Default Category,,,,,,,,,,,,,,,,,,,,,,,,,,,,,,,,,,,,,,,,,,,,,,,,,,,,,,,,,,,,,,,,,,,,,,,,,,,,,,,,,,,,,,,,,,,,,,,,,,,,,,,,,,,,,,,
poweredge-r810-1,,Server,simple,Servers,Default Category,base,2995,,,,,Six,2,2.0GHz,2015-01-28 21:38:30,,,,,2994.0,"<p><span style=""font-size: medium;"">The Dell&trade; PowerEdge&trade; R810 provides performance and rack density in a scalable 2U, two- or foursocket server, allowing workload consolidation or high virtualization machine density.</span></p>",Optical,Yes,,Generation 11,,0,146GB,6,"3.5""",SAS,/p/o/poweredge-r810.jpg,PowerEdge R810,Dell,,Buy your PowerEdge R810 today or call us to configure one for your needs. Full warranty and thoroughly tested before shipping to you.,,Refurbished PowerEdge R810 Servers,,,Use config,Use config,PowerEdge R810,,,Block after Info Column,,,,Single,2995.0000,Intel,Yes,128GB,DDR2,0,,Rack - 2U,Need an Upgrade? Call Us!<br><strong>770-850-8400</strong>,/p/o/poweredge-r810.jpg,PowerEdge R810,,,,1,2,/p/o/poweredge-r810.jpg,PowerEdge R810,2015-02-24 19:34:14,poweredge-r810-1,poweredge-r810-1,4,3 Year,45.0000,0.0000,0.0000,1,0,0,1,1.0000,1,0.0000,1,0,1.0000,1,0,1,1,1,0.0000,1,0,0,,,,,,,,,,,,,,,,,88,/p/o/poweredge-r810.jpg,PowerEdge R810,1,0
,,,,Servers/Dell Servers,Default Category,,,,,,,,,,,,,,,,,,,,,,,,,,,,,,,,,,,,,,,,,,,,,,,,,,,,,,,,,,,,,,,,,,,,,,,,,,,,,,,,,,,,,,,,,,,,,,,,,,,,,,,,,,,,,,,
,,,,Servers/Dell Servers/Dell 2U Racks,Default Category,,,,,,,,,,,,,,,,,,,,,,,,,,,,,,,,,,,,,,,,,,,,,,,,,,,,,,,,,,,,,,,,,,,,,,,,,,,,,,,,,,,,,,,,,,,,,,,,,,,,,,,,,,,,,,,
poweredge-r910-1,,Server,simple,Servers,Default Category,base,4555,,,,,Eight,4,2.3GHz,2015-01-28 21:38:30,,,,,4554.0,"<p><span style=""font-size: medium;"">The Dell&trade; PowerEdge&trade; R910 provides performance and reliability in a scalable 4U, four-socket server allowing large workload consolidation or max virtualization machine density.</span></p>",Optical,No,,Generation 11,,0,450GB,3,"3.5""",SATA,/p/o/poweredge-r910.jpg,PowerEdge R910,Dell,,Buy your PowerEdge R910 today or call us to configure one for your needs. Full warranty and thoroughly tested before shipping to you.,,Refurbished PowerEdge R910 Servers,,,Use config,Use config,PowerEdge R910,,,Block after Info Column,,,,Redundant,4555.0000,Intel,Yes,128GB,DDR2,0,,Rack - 4U+,Need an Upgrade? Call Us!<br><strong>770-850-8400</strong>,/p/o/poweredge-r910.jpg,PowerEdge R910,,,,1,2,/p/o/poweredge-r910.jpg,PowerEdge R910,2015-02-24 19:34:40,poweredge-r910-1,poweredge-r910-1,4,3 Year,45.0000,0.0000,0.0000,1,0,0,1,1.0000,1,0.0000,1,0,1.0000,1,0,1,1,1,0.0000,1,0,0,,,,,,,,,,,,,,,,,88,/p/o/poweredge-r910.jpg,PowerEdge R910,1,0
,,,,Servers/Dell Servers,Default Category,,,,,,,,,,,,,,,,,,,,,,,,,,,,,,,,,,,,,,,,,,,,,,,,,,,,,,,,,,,,,,,,,,,,,,,,,,,,,,,,,,,,,,,,,,,,,,,,,,,,,,,,,,,,,,,
,,,,Servers/Dell Servers/Dell 4U+ Racks,Default Category,,,,,,,,,,,,,,,,,,,,,,,,,,,,,,,,,,,,,,,,,,,,,,,,,,,,,,,,,,,,,,,,,,,,,,,,,,,,,,,,,,,,,,,,,,,,,,,,,,,,,,,,,,,,,,,
poweredge-r220-1,,Server,simple,Servers,Default Category,base,995,,,,,Quad,1,3.1GHz,2015-01-28 21:38:30,,,,,994.0,<strong>For Additional Configurations and Operating Systems Call Us at 770-850-8400</strong>,Optical,No,,Generation 12,,0,500GB,2,"3.5""",SATA,/p/o/poweredge-r220.jpg,,Dell,,Buy your PowerEdge R220 today or call us to configure one for your needs. Full warranty and thoroughly tested before shipping to you.,,Refurbished PowerEdge R220 Servers,,,Use config,Use config,PowerEdge R220,,,Block after Info Column,,,,Single,995.0000,Intel,Yes,12GB,DDR3,0,,Rack - 1U,Need an Upgrade? Call Us!<br><strong>770-850-8400</strong>,/p/o/poweredge-r220.jpg,,,,,1,2,/p/o/poweredge-r220.jpg,,2015-02-24 19:04:35,poweredge-r220-1,poweredge-r220-1,4,3 Year,45.0000,0.0000,0.0000,1,0,0,1,1.0000,1,0.0000,1,0,1.0000,1,0,1,1,1,0.0000,1,0,0,,,,,,,,,,,,,,,,,88,/p/o/poweredge-r220.jpg,PowerEdge R220,1,0
,,,,Servers/Dell Servers,Default Category,,,,,,,,,,,,,,,,,,,,,,,,,,,,,,,,,,,,,,,,,,,,,,,,,,,,,,,,,,,,,,,,,,,,,,,,,,,,,,,,,,,,,,,,,,,,,,,,,,,,,,,,,,,,,,,
,,,,Servers/Dell Servers/Dell 1U Racks,Default Category,,,,,,,,,,,,,,,,,,,,,,,,,,,,,,,,,,,,,,,,,,,,,,,,,,,,,,,,,,,,,,,,,,,,,,,,,,,,,,,,,,,,,,,,,,,,,,,,,,,,,,,,,,,,,,,
poweredge-r320-1,,Server,simple,Servers,Default Category,base,3085,,,,,Six,1,2.2GHz,2015-01-28 21:38:30,,,,,3084.0,"<div id=""product-full-descript""><p>Enterprise features, scalable expandability and value in a dense chassis, the 1-socket, 1U Dell™ PowerEdge™ R320.  Items are available for upgrades, if you require other upgrades please use the Request a Quote button or Call Us Toll-Free at 1(888)413-8900.</p></div>",DVD,Yes,,Generation 12,,0,300GB,8,"2.5""",SAS,/p/o/poweredge-r320.jpg,PowerEdge R320,Dell,,Buy your PowerEdge R320 today or call us to configure one for your needs. Full warranty and thoroughly tested before shipping to you.,,Refurbished PowerEdge R320 Servers,,,Use config,Use config,PowerEdge R320,,,Block after Info Column,,,,Redundant,3085.0000,Intel,Yes,16GB,DDR3,0,,Rack - 1U,Need an Upgrade? Call Us!<br><strong>770-850-8400</strong>,/p/o/poweredge-r320.jpg,PowerEdge R320,,,,1,2,/p/o/poweredge-r320.jpg,PowerEdge R320,2015-02-25 13:07:37,poweredge-r320-1,poweredge-r320-1,4,3 Year,45.0000,0.0000,0.0000,1,0,0,1,1.0000,1,0.0000,1,0,1.0000,1,0,1,1,1,0.0000,1,0,0,,,,,,,,,,,,,,,,,88,/p/o/poweredge-r320.jpg,PowerEdge R320,1,0
,,,,Servers/Dell Servers,Default Category,,,,,,,,,,,,,,,,,,,,,,,,,,,,,,,,,,,,,,,,,,,,,,,,,,,,,,,,,,,,,,,,,,,,,,,,,,,,,,,,,,,,,,,,,,,,,,,,,,,,,,,,,,,,,,,
,,,,Servers/Dell Servers/Dell 1U Racks,Default Category,,,,,,,,,,,,,,,,,,,,,,,,,,,,,,,,,,,,,,,,,,,,,,,,,,,,,,,,,,,,,,,,,,,,,,,,,,,,,,,,,,,,,,,,,,,,,,,,,,,,,,,,,,,,,,,
poweredge-r420-1,,Server,simple,Servers,Default Category,base,1975,,,,,Quad,1,2.2GHz,2015-01-28 21:38:30,,,,,1974.0,"<div id=""product-full-descript""><p>The R420 is an excellent fit specializing in departmental email, workgroup collaboration, web hosting, e-commerce and file and print in space-constrained environments and in departmental or remote sites of large businesses and public organizations.  Items are available for upgrades, if you require other upgrades please use the Request a Quote button or Call Us Toll-Free at 1(888)413-8900.</p></div>",Optical,No,,Generation 12,,0,2TB,2,"3.5""",SATA,/p/o/poweredge-r420.jpg,PowerEdge R420,Dell,,Buy your PowerEdge R420 today or call us to configure one for your needs. Full warranty and thoroughly tested before shipping to you.,,Refurbished PowerEdge R420 Servers,,,Use config,Use config,PowerEdge R420,,,Block after Info Column,,,,Single,1975.0000,Intel,H310,12GB,DDR3,0,,Rack - 1U,Need an Upgrade? Call Us!<br><strong>770-850-8400</strong>,/p/o/poweredge-r420.jpg,PowerEdge R420,,,,1,2,/p/o/poweredge-r420.jpg,PowerEdge R420,2015-02-25 13:08:15,poweredge-r420-1,poweredge-r420-1,4,3 Year,45.0000,0.0000,0.0000,1,0,0,1,1.0000,1,0.0000,1,0,1.0000,1,0,1,1,1,0.0000,1,0,0,,,,,,,,,,,,,,,,,88,/p/o/poweredge-r420.jpg,PowerEdge R420,1,0
,,,,Servers/Dell Servers,Default Category,,,,,,,,,,,,,,,,,,,,,,,,,,,,,,,,,,,,,,,,,,,,,,,,,,,,,,,,,,,,,,,,,,,,,,,,,,,,,,,,,,,,,,,,,,,,,,,,,,,,,,,,,,,,,,,
,,,,Servers/Dell Servers/Dell 1U Racks,Default Category,,,,,,,,,,,,,,,,,,,,,,,,,,,,,,,,,,,,,,,,,,,,,,,,,,,,,,,,,,,,,,,,,,,,,,,,,,,,,,,,,,,,,,,,,,,,,,,,,,,,,,,,,,,,,,,
poweredge-r520-1,,Server,simple,Servers,Default Category,base,3550,,,,,Quad,1,1.8GHz,2015-01-28 21:38:30,,,,,3549.0,"<div id=""product-full-descript""><p>Setting another standard oF feature flexibility in a 2-socket, 2U rack server, the Dell™ PowerEdge™ R520 is built to run complex workloads using its highly scalable memory, I/O capacity and flexible network options.  Items are available for upgrades, if you require other upgrades please use the Request a Quote button or Call Us Toll-Free at 1(888)413-8900.</p></div>",Optical,Yes,,Generation 12,,0,2TB,8,"3.5""",SATA,/p/o/poweredge-r520.jpg,PowerEdge R520,Dell,,Buy your PowerEdge R520 today or call us to configure one for your needs. Full warranty and thoroughly tested before shipping to you.,,Refurbished PowerEdge R520 Servers,,,Use config,Use config,PowerEdge R520,,,Block after Info Column,,,,Single,3550.0000,Intel,H310,12GB,DDR3,0,,Rack - 2U,Need an Upgrade? Call Us!<br><strong>770-850-8400</strong>,/p/o/poweredge-r520.jpg,PowerEdge R520,,,,1,2,/p/o/poweredge-r520.jpg,PowerEdge R520,2015-02-25 13:08:52,poweredge-r520-1,poweredge-r520-1,4,3 Year,45.0000,0.0000,0.0000,1,0,0,1,1.0000,1,0.0000,1,0,1.0000,1,0,1,1,1,0.0000,1,0,0,,,,,,,,,,,,,,,,,88,/p/o/poweredge-r520.jpg,PowerEdge R520,1,0
,,,,Servers/Dell Servers,Default Category,,,,,,,,,,,,,,,,,,,,,,,,,,,,,,,,,,,,,,,,,,,,,,,,,,,,,,,,,,,,,,,,,,,,,,,,,,,,,,,,,,,,,,,,,,,,,,,,,,,,,,,,,,,,,,,
,,,,Servers/Dell Servers/Dell 2U Racks,Default Category,,,,,,,,,,,,,,,,,,,,,,,,,,,,,,,,,,,,,,,,,,,,,,,,,,,,,,,,,,,,,,,,,,,,,,,,,,,,,,,,,,,,,,,,,,,,,,,,,,,,,,,,,,,,,,,
poweredge-r620-1,,Server,simple,Servers,Default Category,base,3977,,,,,Six,2,2.0GHz,2015-01-28 21:38:30,,,,,3976.0,"<div id=""product-full-descript""><p>The Dell PowerEdge R620 rack server is an impressive general purpose platform that is perfect for data centers with space constraints.<br />Items marked with a <b>*</b> are available for upgrade directly on our site, if you require other upgrades please use the Request a Quote button or Call Us Toll-Free at 1(888)413-8900.</p></div>",Optical,No,,Generation 12,,0,300GB,2,"3.5""",SAS,/p/o/poweredge-r620.jpg,PowerEdge R620,Dell,,Buy your PowerEdge R620 today or call us to configure one for your needs. Full warranty and thoroughly tested before shipping to you.,,Refurbished PowerEdge R620 Servers,,,Use config,Use config,PowerEdge R620,,,Block after Info Column,,,,Redundant,3977.0000,Intel,H310,32GB,DDR3,0,,Rack - 1U,Need an Upgrade? Call Us!<br><strong>770-850-8400</strong>,/p/o/poweredge-r620.jpg,PowerEdge R620,,,,1,2,/p/o/poweredge-r620.jpg,PowerEdge R620,2015-02-25 13:09:09,poweredge-r620-1,poweredge-r620-1,4,3 Year,45.0000,0.0000,0.0000,1,0,0,1,1.0000,1,0.0000,1,0,1.0000,1,0,1,1,1,0.0000,1,0,0,,,,,,,,,,,,,,,,,88,/p/o/poweredge-r620.jpg,PowerEdge R620,1,0
,,,,Servers/Dell Servers,Default Category,,,,,,,,,,,,,,,,,,,,,,,,,,,,,,,,,,,,,,,,,,,,,,,,,,,,,,,,,,,,,,,,,,,,,,,,,,,,,,,,,,,,,,,,,,,,,,,,,,,,,,,,,,,,,,,
,,,,Servers/Dell Servers/Dell 1U Racks,Default Category,,,,,,,,,,,,,,,,,,,,,,,,,,,,,,,,,,,,,,,,,,,,,,,,,,,,,,,,,,,,,,,,,,,,,,,,,,,,,,,,,,,,,,,,,,,,,,,,,,,,,,,,,,,,,,,
poweredge-r720-16-x-2.5-chassis-1,,Server,simple,Servers,Default Category,base,4995,,,,,Quad,2,2.66GHz,2015-01-28 21:38:30,,,,,4994.0,"<div id=""product-full-descript""><p>""Keep pace with the exponential change of the virtual age using the state-of-the-art feature flexibility of the PowerEdge™ R720.""  For upgrades please use the Request a Quote button or Call Us Toll-Free at 1(888)413-8900.</p></div>",Optical,Yes,,Generation 12,,0,500GB,16,"2.5""",SATA,/p/o/poweredge-r720-16-x-2.5-chassis.jpg,"PowerEdge R720 - 16 x 2.5"" Chassis",Dell,,"Buy your PowerEdge R720 - 16 x 2.5"" Chassis today or call us to configure one for your needs. Full warranty and thoroughly tested before shipping to you.",,"Refurbished PowerEdge R720 - 16 x 2.5"" Chassis Servers",,,Use config,Use config,"PowerEdge R720 - 16 x 2.5"" Chassis",,,Block after Info Column,,,,Redundant,4995.0000,Intel,Yes,64GB,DDR2,0,,Rack - 2U,Need an Upgrade? Call Us!<br><strong>770-850-8400</strong>,/p/o/poweredge-r720-16-x-2.5-chassis.jpg,"PowerEdge R720 - 16 x 2.5"" Chassis",,,,1,2,/p/o/poweredge-r720-16-x-2.5-chassis.jpg,"PowerEdge R720 - 16 x 2.5"" Chassis",2015-02-25 13:09:51,poweredge-r720-16-x-2-5-chassis-1,poweredge-r720-16-x-2-5-chassis-1,4,3 Year,45.0000,0.0000,0.0000,1,0,0,1,1.0000,1,0.0000,1,0,1.0000,1,0,1,1,1,0.0000,1,0,0,,,,,,,,,,,,,,,,,88,/p/o/poweredge-r720-16-x-2.5-chassis.jpg,"PowerEdge R720 - 16 x 2.5"" Chassis",1,0
,,,,Servers/Dell Servers,Default Category,,,,,,,,,,,,,,,,,,,,,,,,,,,,,,,,,,,,,,,,,,,,,,,,,,,,,,,,,,,,,,,,,,,,,,,,,,,,,,,,,,,,,,,,,,,,,,,,,,,,,,,,,,,,,,,
,,,,Servers/Dell Servers/Dell 2U Racks,Default Category,,,,,,,,,,,,,,,,,,,,,,,,,,,,,,,,,,,,,,,,,,,,,,,,,,,,,,,,,,,,,,,,,,,,,,,,,,,,,,,,,,,,,,,,,,,,,,,,,,,,,,,,,,,,,,,
poweredge-r720-8-x-3.5-chassis-1,,Server,simple,Servers,Default Category,base,3950,,,,,Six,2,2.0GHz,2015-01-28 21:38:30,,,,,3949.0,<strong>For Additional Configurations and Operating Systems Call Us at 770-850-8400</strong>,Optical,No,,Generation 12,,0,600GB,8,"3.5""",SATA,/p/o/poweredge-r720-8-x-3.5-chassis.jpg,,Dell,,"Buy your PowerEdge R720 - 8 x 3.5"" Chassis today or call us to configure one for your needs. Full warranty and thoroughly tested before shipping to you.",,"Refurbished PowerEdge R720 - 8 x 3.5"" Chassis Servers",,,Use config,Use config,"PowerEdge R720 - 8 x 3.5"" Chassis",,,Block after Info Column,,,,Single,3950.0000,Intel,Yes,16GB,DDR3,0,,Rack - 2U,Need an Upgrade? Call Us!<br><strong>770-850-8400</strong>,/p/o/poweredge-r720-8-x-3.5-chassis.jpg,,,,,1,2,/p/o/poweredge-r720-8-x-3.5-chassis.jpg,,2015-02-24 19:04:35,poweredge-r720-8-x-3-5-chassis-1,poweredge-r720-8-x-3-5-chassis-1,4,3 Year,45.0000,0.0000,0.0000,1,0,0,1,1.0000,1,0.0000,1,0,1.0000,1,0,1,1,1,0.0000,1,0,0,,,,,,,,,,,,,,,,,88,/p/o/poweredge-r720-8-x-3.5-chassis.jpg,"PowerEdge R720 - 8 x 3.5"" Chassis",1,0
,,,,Servers/Dell Servers,Default Category,,,,,,,,,,,,,,,,,,,,,,,,,,,,,,,,,,,,,,,,,,,,,,,,,,,,,,,,,,,,,,,,,,,,,,,,,,,,,,,,,,,,,,,,,,,,,,,,,,,,,,,,,,,,,,,
,,,,Servers/Dell Servers/Dell 2U Racks,Default Category,,,,,,,,,,,,,,,,,,,,,,,,,,,,,,,,,,,,,,,,,,,,,,,,,,,,,,,,,,,,,,,,,,,,,,,,,,,,,,,,,,,,,,,,,,,,,,,,,,,,,,,,,,,,,,,
poweredge-2650-1,,Server,simple,Servers,Default Category,base,385,,,,,Single,2,3.06GHz,2015-01-28 21:38:30,,,,,384.0,"<p><span style=""font-size: medium;"">Combining a level of performance with availability and configuration flexibility in a space saving 2U chassis, the Dell&trade; PowerEdge&trade; 2650 delivers exceptional, cost-efficient computing power for a variety of front-end and mid-tier server workloads.</span></p>",Optical,No,,Generation 6,,0,36GB,5,"3.5""",SCSI,/p/o/poweredge-2650.jpg,PowerEdge 2650,Dell,,Buy your PowerEdge 2650 today or call us to configure one for your needs. Full warranty and thoroughly tested before shipping to you.,,Refurbished PowerEdge 2650 Servers,,,Use config,Use config,PowerEdge 2650,,,Block after Info Column,,,,Redundant,385.0000,Intel,Yes,4GB,DDR2,0,,Rack - 2U,Need an Upgrade? Call Us!<br><strong>770-850-8400</strong>,/p/o/poweredge-2650.jpg,PowerEdge 2650,,,,1,2,/p/o/poweredge-2650.jpg,PowerEdge 2650,2015-02-25 13:11:38,poweredge-2650-1,poweredge-2650-1,4,1 Year,45.0000,0.0000,0.0000,1,0,0,1,1.0000,1,0.0000,1,0,1.0000,1,0,1,1,1,0.0000,1,0,0,,,,,,,,,,,,,,,,,88,/p/o/poweredge-2650.jpg,PowerEdge 2650,1,0
,,,,Servers/Dell Servers,Default Category,,,,,,,,,,,,,,,,,,,,,,,,,,,,,,,,,,,,,,,,,,,,,,,,,,,,,,,,,,,,,,,,,,,,,,,,,,,,,,,,,,,,,,,,,,,,,,,,,,,,,,,,,,,,,,,
,,,,Servers/Dell Servers/Dell 2U Racks,Default Category,,,,,,,,,,,,,,,,,,,,,,,,,,,,,,,,,,,,,,,,,,,,,,,,,,,,,,,,,,,,,,,,,,,,,,,,,,,,,,,,,,,,,,,,,,,,,,,,,,,,,,,,,,,,,,,
poweredge-1750-1,,Server,simple,Servers,Default Category,base,325,,,,,Single,2,3.06GHz,2015-01-28 21:38:30,,,,,324.0,<strong>For Additional Configurations and Operating Systems Call Us at 770-850-8400</strong>,Optical,No,,Generation 7,,0,36GB,3,"3.5""",SCSI,/p/o/poweredge-1750.jpg,PowerEdge 1750,Dell,,Buy your PowerEdge 1750 today or call us to configure one for your needs. Full warranty and thoroughly tested before shipping to you.,,Refurbished PowerEdge 1750 Servers,,,Use config,Use config,PowerEdge 1750,,,Block after Info Column,,,,Redundant,325.0000,Intel,None,4GB,DDR2,0,,Rack - 1U,Need an Upgrade? Call Us!<br><strong>770-850-8400</strong>,/p/o/poweredge-1750.jpg,PowerEdge 1750,,,,1,2,/p/o/poweredge-1750.jpg,PowerEdge 1750,2015-02-24 19:04:35,poweredge-1750-1,poweredge-1750-1,4,6 Months,45.0000,0.0000,0.0000,1,0,0,1,1.0000,1,0.0000,1,0,1.0000,1,0,1,1,1,0.0000,1,0,0,,,,,,,,,,,,,,,,,88,/p/o/poweredge-1750.jpg,PowerEdge 1750,1,0
,,,,Servers/Dell Servers,Default Category,,,,,,,,,,,,,,,,,,,,,,,,,,,,,,,,,,,,,,,,,,,,,,,,,,,,,,,,,,,,,,,,,,,,,,,,,,,,,,,,,,,,,,,,,,,,,,,,,,,,,,,,,,,,,,,
,,,,Servers/Dell Servers/Dell 1U Racks,Default Category,,,,,,,,,,,,,,,,,,,,,,,,,,,,,,,,,,,,,,,,,,,,,,,,,,,,,,,,,,,,,,,,,,,,,,,,,,,,,,,,,,,,,,,,,,,,,,,,,,,,,,,,,,,,,,,
poweredge-1850-enterprise-class-1,,Server,simple,Servers,Default Category,base,350,,,,,Single,2,3.8GHz,2015-01-28 21:38:30,,,,,349.0,"<div id=""product-full-descript""><p>The dual processor Dell&trade; PowerEdge&trade; 1850 server packs some of the latest advanced features in performance, availability and manageability into an incredibly slim 1U chassis making it perfect for High Performance Computing Clusters (HPCC) as well as edge-of network and Internet infrastructure environments.&nbsp;Items marked with a * are available for upgrade directly on our site, if you require other upgrades please use the Request a Quote button or Call Us Toll-Free at 1(888)413-8900.</p></div>",Optical,No,,Generation 8,,0,36GB,2,"3.5""",SCSI,/p/o/poweredge-1850-enterprise-class.jpg,PowerEdge 1850 - Enterprise Class,Dell,,Buy your PowerEdge 1850 - Enterprise Class today or call us to configure one for your needs. Full warranty and thoroughly tested before shipping to you.,,Refurbished PowerEdge 1850 - Enterprise Class Servers,,,Use config,Use config,PowerEdge 1850 - Enterprise Class,,,Block after Info Column,,,,Single,350.0000,Intel,None,4GB,DDR2,0,,Rack - 1U,Need an Upgrade? Call Us!<br><strong>770-850-8400</strong>,/p/o/poweredge-1850-enterprise-class.jpg,PowerEdge 1850 - Enterprise Class,,,,1,2,/p/o/poweredge-1850-enterprise-class.jpg,PowerEdge 1850 - Enterprise Class,2015-02-24 19:04:35,poweredge-1850-enterprise-class-1,poweredge-1850-enterprise-class-1,4,6 Months,45.0000,0.0000,0.0000,1,0,0,1,1.0000,1,0.0000,1,0,1.0000,1,0,1,1,1,0.0000,1,0,0,,,,,,,,,,,,,,,,,88,/p/o/poweredge-1850-enterprise-class.jpg,PowerEdge 1850 - Enterprise Class,1,0
,,,,Servers/Dell Servers,Default Category,,,,,,,,,,,,,,,,,,,,,,,,,,,,,,,,,,,,,,,,,,,,,,,,,,,,,,,,,,,,,,,,,,,,,,,,,,,,,,,,,,,,,,,,,,,,,,,,,,,,,,,,,,,,,,,
,,,,Servers/Dell Servers/Dell 1U Racks,Default Category,,,,,,,,,,,,,,,,,,,,,,,,,,,,,,,,,,,,,,,,,,,,,,,,,,,,,,,,,,,,,,,,,,,,,,,,,,,,,,,,,,,,,,,,,,,,,,,,,,,,,,,,,,,,,,,
poweredge-2800-1,,Server,simple,Servers,Default Category,base,825,,,,,Single,2,3.6GHz,2015-01-28 21:38:31,,,,,824.0,"<p><span style=""font-size: medium;"">The dual processor Dell&trade; PowerEdge&trade; 2800 server delivers aggressive performance, massive internal storage capacity and outstanding reliability in either a tower server or rack-mountable chassis to handle your growing data storage needs and keep your business running.</span></p>",Optical,No,,Generation 8,,0,300GB,3,"3.5""",SCSI,/p/o/poweredge-2800.jpg,PowerEdge 2800,Dell,,Buy your PowerEdge 2800 today or call us to configure one for your needs. Full warranty and thoroughly tested before shipping to you.,,Refurbished PowerEdge 2800 Servers,,,Use config,Use config,PowerEdge 2800,,,Block after Info Column,,,,Redundant,825.0000,Intel,Yes,4GB,DDR2,0,,Rack - 4U+,Need an Upgrade? Call Us!<br><strong>770-850-8400</strong>,/p/o/poweredge-2800.jpg,PowerEdge 2800,,,,1,2,/p/o/poweredge-2800.jpg,PowerEdge 2800,2015-02-25 13:13:18,poweredge-2800-1,poweredge-2800-1,4,1 Year,45.0000,0.0000,0.0000,1,0,0,1,1.0000,1,0.0000,1,0,1.0000,1,0,1,1,1,0.0000,1,0,0,,,,,,,,,,,,,,,,,88,/p/o/poweredge-2800.jpg,PowerEdge 2800,1,0
,,,,Servers/Dell Servers,Default Category,,,,,,,,,,,,,,,,,,,,,,,,,,,,,,,,,,,,,,,,,,,,,,,,,,,,,,,,,,,,,,,,,,,,,,,,,,,,,,,,,,,,,,,,,,,,,,,,,,,,,,,,,,,,,,,
,,,,Servers/Dell Servers/Dell 4U+ Racks,Default Category,,,,,,,,,,,,,,,,,,,,,,,,,,,,,,,,,,,,,,,,,,,,,,,,,,,,,,,,,,,,,,,,,,,,,,,,,,,,,,,,,,,,,,,,,,,,,,,,,,,,,,,,,,,,,,,
poweredge-2850-1,,Server,simple,Servers,Default Category,base,395,,,,,Single,2,3.6GHz,2015-01-28 21:38:31,,,,,394.0,"<p><span style=""font-size: medium;"">The Dell&trade; PowerEdge&trade; 2850 server offers the perfect balance of performance, storage capacity, configuration flexibility and rack density making it ideal for network infrastructure applications that also demand uncompromised availability and expandability.</span></p>",Optical,No,,Generation 8,,0,36GB,6,"3.5""",SCSI,/p/o/poweredge-2850.jpg,PowerEdge 2850,Dell,,Buy your PowerEdge 2850 today or call us to configure one for your needs. Full warranty and thoroughly tested before shipping to you.,,Refurbished PowerEdge 2850 Servers,,,Use config,Use config,PowerEdge 2850,,,Block after Info Column,,,,Redundant,395.0000,Intel,Yes,6GB,DDR2,0,,Rack - 2U,Need an Upgrade? Call Us!<br><strong>770-850-8400</strong>,/p/o/poweredge-2850.jpg,PowerEdge 2850,,,,1,2,/p/o/poweredge-2850.jpg,PowerEdge 2850,2015-02-25 13:14:30,poweredge-2850-1,poweredge-2850-1,4,1 Year,45.0000,0.0000,0.0000,1,0,0,1,1.0000,1,0.0000,1,0,1.0000,1,0,1,1,1,0.0000,1,0,0,,,,,,,,,,,,,,,,,88,/p/o/poweredge-2850.jpg,PowerEdge 2850,1,0
,,,,Servers/Dell Servers,Default Category,,,,,,,,,,,,,,,,,,,,,,,,,,,,,,,,,,,,,,,,,,,,,,,,,,,,,,,,,,,,,,,,,,,,,,,,,,,,,,,,,,,,,,,,,,,,,,,,,,,,,,,,,,,,,,,
,,,,Servers/Dell Servers/Dell 2U Racks,Default Category,,,,,,,,,,,,,,,,,,,,,,,,,,,,,,,,,,,,,,,,,,,,,,,,,,,,,,,,,,,,,,,,,,,,,,,,,,,,,,,,,,,,,,,,,,,,,,,,,,,,,,,,,,,,,,,
poweredge-1950-gen-ii-1,,Server,simple,Servers,Default Category,base,545,,,,,Quad,2,2.33GHz,2015-01-28 21:38:31,,,,,544.0,"<div id=""product-full-descript""><p>The rack-optimized, Intel-based, two-socket 1U Dell PowerEdge 1950 III server delivers the right combination of computing power and availability for organizations who seek rack density. The Dell PowerEdge 1950 III is an affordable 64bit virtualization ready server. Items marked with a * are available for upgrade directly on our site, if you require other upgrades please use the Request a Quote button or Call Us Toll-Free at 1(888)413-8900.</p></div>",Optical,No,,Generation 9,,0,146GB,2,"3.5""",SAS,/p/o/poweredge-1950-gen-ii.jpg,PowerEdge 1950 Gen II,Dell,,Buy your PowerEdge 1950 Gen II today or call us to configure one for your needs. Full warranty and thoroughly tested before shipping to you.,,Refurbished PowerEdge 1950 Gen II Servers,,,Use config,Use config,PowerEdge 1950 Gen II,,,Block after Info Column,,,,Redundant,545.0000,Intel,Yes,4GB,DDR2,0,,Rack - 1U,Need an Upgrade? Call Us!<br><strong>770-850-8400</strong>,/p/o/poweredge-1950-gen-ii.jpg,PowerEdge 1950 Gen II,,,,1,2,/p/o/poweredge-1950-gen-ii.jpg,PowerEdge 1950 Gen II,2015-02-24 19:04:35,poweredge-1950-gen-ii-1,poweredge-1950-gen-ii-1,4,1 Year,45.0000,0.0000,0.0000,1,0,0,1,1.0000,1,0.0000,1,0,1.0000,1,0,1,1,1,0.0000,1,0,0,,,,,,,,,,,,,,,,,88,/p/o/poweredge-1950-gen-ii.jpg,PowerEdge 1950 Gen II,1,0
,,,,Servers/Dell Servers,Default Category,,,,,,,,,,,,,,,,,,,,,,,,,,,,,,,,,,,,,,,,,,,,,,,,,,,,,,,,,,,,,,,,,,,,,,,,,,,,,,,,,,,,,,,,,,,,,,,,,,,,,,,,,,,,,,,
,,,,Servers/Dell Servers/Dell 1U Racks,Default Category,,,,,,,,,,,,,,,,,,,,,,,,,,,,,,,,,,,,,,,,,,,,,,,,,,,,,,,,,,,,,,,,,,,,,,,,,,,,,,,,,,,,,,,,,,,,,,,,,,,,,,,,,,,,,,,
poweredge-1950-gen-iii-1,,Server,simple,Servers,Default Category,base,795,,,,,Quad,2,3.0GHz,2015-01-28 21:38:31,,,,,794.0,"<div id=""product-full-descript""><p>The rack-optimized, Intel-based, two-socket 1U Dell PowerEdge 1950 III server delivers the right combination of computing power and availability for organizations who seek rack density. The Dell PowerEdge 1950 III is an affordable 64bit virtualization ready server. Items marked with a * are available for upgrade directly on our site, if you require other upgrades please use the Request a Quote button or Call Us Toll-Free at 1(888)413-8900.</p></div>",Optical,No,,Generation 9,,0,1TB,2,"3.5""",SATA,/p/o/poweredge-1950-gen-iii.jpg,PowerEdge 1950 Gen III,Dell,,Buy your PowerEdge 1950 Gen III today or call us to configure one for your needs. Full warranty and thoroughly tested before shipping to you.,,Refurbished PowerEdge 1950 Gen III Servers,,,Use config,Use config,PowerEdge 1950 Gen III,,,Block after Info Column,,,,Redundant,795.0000,Intel,Yes,16GB,DDR2,0,,Rack - 1U,Need an Upgrade? Call Us!<br><strong>770-850-8400</strong>,/p/o/poweredge-1950-gen-iii.jpg,PowerEdge 1950 Gen III,,,,1,2,/p/o/poweredge-1950-gen-iii.jpg,PowerEdge 1950 Gen III,2015-02-24 19:04:35,poweredge-1950-gen-iii-1,poweredge-1950-gen-iii-1,4,1 Year,45.0000,0.0000,0.0000,1,0,0,1,1.0000,1,0.0000,1,0,1.0000,1,0,1,1,1,0.0000,1,0,0,,,,,,,,,,,,,,,,,88,/p/o/poweredge-1950-gen-iii.jpg,PowerEdge 1950 Gen III,1,0
,,,,Servers/Dell Servers,Default Category,,,,,,,,,,,,,,,,,,,,,,,,,,,,,,,,,,,,,,,,,,,,,,,,,,,,,,,,,,,,,,,,,,,,,,,,,,,,,,,,,,,,,,,,,,,,,,,,,,,,,,,,,,,,,,,
,,,,Servers/Dell Servers/Dell 1U Racks,Default Category,,,,,,,,,,,,,,,,,,,,,,,,,,,,,,,,,,,,,,,,,,,,,,,,,,,,,,,,,,,,,,,,,,,,,,,,,,,,,,,,,,,,,,,,,,,,,,,,,,,,,,,,,,,,,,,
poweredge-2900-rackmount-gen-ii-1,,Server,simple,Servers,Default Category,base,995,,,,,Quad,2,2.33GHz,2015-01-28 21:38:31,,,,,994.0,"<div id=""product-full-descript""><p>Designed with next generation performance features, large memory capacity and exceptional expandability, the Dell™ PowerEdge™ 2900 Rack mount server is ideal for messaging/collaboration applications, database and file/print consolidation in both a datacenter and remote/branch offices.  Items marked with a * are available for upgrade directly on our site, if you require other upgrades please use the Request a Quote button or Call Us Toll-Free at 1(888)413-8900.</p></div>",Optical,No,,Generation 9,,0,1TB,4,"3.5""",SATA,/p/o/poweredge-2900-rackmount-gen-ii.jpg,PowerEdge 2900 Rackmount Gen II,Dell,,Buy your PowerEdge 2900 Rackmount Gen II today or call us to configure one for your needs. Full warranty and thoroughly tested before shipping to you.,,Refurbished PowerEdge 2900 Rackmount Gen II Servers,,,Use config,Use config,PowerEdge 2900 Rackmount Gen II,,,Block after Info Column,,,,Redundant,995.0000,Intel,Yes,16GB,DDR2,0,,Rack - 4U+,Need an Upgrade? Call Us!<br><strong>770-850-8400</strong>,/p/o/poweredge-2900-rackmount-gen-ii.jpg,PowerEdge 2900 Rackmount Gen II,,,,1,2,/p/o/poweredge-2900-rackmount-gen-ii.jpg,PowerEdge 2900 Rackmount Gen II,2015-02-24 19:04:35,poweredge-2900-rackmount-gen-ii-1,poweredge-2900-rackmount-gen-ii-1,4,1 Year,45.0000,0.0000,0.0000,1,0,0,1,1.0000,1,0.0000,1,0,1.0000,1,0,1,1,1,0.0000,1,0,0,,,,,,,,,,,,,,,,,88,/p/o/poweredge-2900-rackmount-gen-ii.jpg,PowerEdge 2900 Rackmount Gen II,1,0
,,,,Servers/Dell Servers,Default Category,,,,,,,,,,,,,,,,,,,,,,,,,,,,,,,,,,,,,,,,,,,,,,,,,,,,,,,,,,,,,,,,,,,,,,,,,,,,,,,,,,,,,,,,,,,,,,,,,,,,,,,,,,,,,,,
,,,,Servers/Dell Servers/Dell 4U+ Racks,Default Category,,,,,,,,,,,,,,,,,,,,,,,,,,,,,,,,,,,,,,,,,,,,,,,,,,,,,,,,,,,,,,,,,,,,,,,,,,,,,,,,,,,,,,,,,,,,,,,,,,,,,,,,,,,,,,,
poweredge-2950-gen-ii-1,,Server,simple,Servers,Default Category,base,785,,,,,Quad,2,2.33GHz,2015-01-28 21:38:31,,,,,784.0,"<div id=""product-full-descript""><p>Designed with next generation performance features, remote management advancements and a variety of storage options, the Dell&trade; Poweredge&trade; 1900 server is ideal for remote/branch offices, file/print, messaging and dedicated application support.&nbsp;Items marked with a * are available for upgrade directly on our site, if you require other upgrades please use the Request a Quote button or Call Us Toll-Free at 1(888)413-8900.</p></div>",Optical,No,,Generation 9,,0,146GB,4,"3.5""",SATA,/p/o/poweredge-2950-gen-ii.jpg,PowerEdge 2950 Gen II,Dell,,Buy your PowerEdge 2950 Gen II today or call us to configure one for your needs. Full warranty and thoroughly tested before shipping to you.,,Refurbished PowerEdge 2950 Gen II Servers,,,Use config,Use config,PowerEdge 2950 Gen II,,,Block after Info Column,,,,Redundant,785.0000,Intel,Yes,4GB,DDR2,0,,Rack - 2U,Need an Upgrade? Call Us!<br><strong>770-850-8400</strong>,/p/o/poweredge-2950-gen-ii.jpg,PowerEdge 2950 Gen II,,,,1,2,/p/o/poweredge-2950-gen-ii.jpg,PowerEdge 2950 Gen II,2015-02-24 19:04:35,poweredge-2950-gen-ii-1,poweredge-2950-gen-ii-1,4,1 Year,45.0000,0.0000,0.0000,1,0,0,1,1.0000,1,0.0000,1,0,1.0000,1,0,1,1,1,0.0000,1,0,0,,,,,,,,,,,,,,,,,88,/p/o/poweredge-2950-gen-ii.jpg,PowerEdge 2950 Gen II,1,0
,,,,Servers/Dell Servers,Default Category,,,,,,,,,,,,,,,,,,,,,,,,,,,,,,,,,,,,,,,,,,,,,,,,,,,,,,,,,,,,,,,,,,,,,,,,,,,,,,,,,,,,,,,,,,,,,,,,,,,,,,,,,,,,,,,
,,,,Servers/Dell Servers/Dell 2U Racks,Default Category,,,,,,,,,,,,,,,,,,,,,,,,,,,,,,,,,,,,,,,,,,,,,,,,,,,,,,,,,,,,,,,,,,,,,,,,,,,,,,,,,,,,,,,,,,,,,,,,,,,,,,,,,,,,,,,
poweredge-2950-gen-iii-1,,Server,simple,Servers,Default Category,base,995,,,,,Quad,2,3.0GHz,2015-01-28 21:38:31,,,,,994.0,"<div id=""product-full-descript""><p>In a rack-optimized 2U form factor, the Dell&trade; Poweredge&trade; 2950 server delivers an excellent balance of outstanding performance, availability and flexibility for growing network infrastructure applications as well as web, messaging, database and file/print consolidation.</p></div>",Optical,No,,Generation 9,,0,1TB,4,"3.5""",SATA,/p/o/poweredge-2950-gen-iii.jpg,PowerEdge 2950 Gen III,Dell,,Buy your PowerEdge 2950 Gen III today or call us to configure one for your needs. Full warranty and thoroughly tested before shipping to you.,,Refurbished PowerEdge 2950 Gen III Servers,,,Use config,Use config,PowerEdge 2950 Gen III,,,Block after Info Column,,,,Redundant,995.0000,Intel,Yes,16GB,DDR2,0,,Rack - 2U,Need an Upgrade? Call Us!<br><strong>770-850-8400</strong>,/p/o/poweredge-2950-gen-iii.jpg,PowerEdge 2950 Gen III,,,,1,2,/p/o/poweredge-2950-gen-iii.jpg,PowerEdge 2950 Gen III,2015-02-24 19:04:35,poweredge-2950-gen-iii-1,poweredge-2950-gen-iii-1,4,1 Year,45.0000,0.0000,0.0000,1,0,0,1,1.0000,1,0.0000,1,0,1.0000,1,0,1,1,1,0.0000,1,0,0,,,,,,,,,,,,,,,,,88,/p/o/poweredge-2950-gen-iii.jpg,PowerEdge 2950 Gen III,1,0
,,,,Servers/Dell Servers,Default Category,,,,,,,,,,,,,,,,,,,,,,,,,,,,,,,,,,,,,,,,,,,,,,,,,,,,,,,,,,,,,,,,,,,,,,,,,,,,,,,,,,,,,,,,,,,,,,,,,,,,,,,,,,,,,,,
,,,,Servers/Dell Servers/Dell 2U Racks,Default Category,,,,,,,,,,,,,,,,,,,,,,,,,,,,,,,,,,,,,,,,,,,,,,,,,,,,,,,,,,,,,,,,,,,,,,,,,,,,,,,,,,,,,,,,,,,,,,,,,,,,,,,,,,,,,,,
poweredge-sc1435-1,,Server,simple,Servers,Default Category,base,325,,,,,Quad,2,2.4GHz,2015-01-28 21:38:31,,,,,324.0,"<p><span style=""font-size: medium;"">Delivering incredible price/performance and performance/watt for cost-sensitive environments, the Poweredge SC1435 server is optimized for web serving, high performance computing clusters (HPCC), and small business single server deployments.</span></p>",Optical,No,,Generation 9,,0,146GB,2,"3.5""",SAS,/p/o/poweredge-sc1435.jpg,PowerEdge SC1435,Dell,,Buy your PowerEdge SC1435 today or call us to configure one for your needs. Full warranty and thoroughly tested before shipping to you.,,Refurbished PowerEdge SC1435 Servers,,,Use config,Use config,PowerEdge SC1435,,,Block after Info Column,,,,Single,325.0000,AMD,None,4GB,DDR2,0,,Rack - 1U,Need an Upgrade? Call Us!<br><strong>770-850-8400</strong>,/p/o/poweredge-sc1435.jpg,PowerEdge SC1435,,,,1,2,/p/o/poweredge-sc1435.jpg,PowerEdge SC1435,2015-02-25 13:14:51,poweredge-sc1435-1,poweredge-sc1435-1,4,1 Year,45.0000,0.0000,0.0000,1,0,0,1,1.0000,1,0.0000,1,0,1.0000,1,0,1,1,1,0.0000,1,0,0,,,,,,,,,,,,,,,,,88,/p/o/poweredge-sc1435.jpg,PowerEdge SC1435,1,0
,,,,Servers/Dell Servers,Default Category,,,,,,,,,,,,,,,,,,,,,,,,,,,,,,,,,,,,,,,,,,,,,,,,,,,,,,,,,,,,,,,,,,,,,,,,,,,,,,,,,,,,,,,,,,,,,,,,,,,,,,,,,,,,,,,
,,,,Servers/Dell Servers/Dell 1U Racks,Default Category,,,,,,,,,,,,,,,,,,,,,,,,,,,,,,,,,,,,,,,,,,,,,,,,,,,,,,,,,,,,,,,,,,,,,,,,,,,,,,,,,,,,,,,,,,,,,,,,,,,,,,,,,,,,,,,
