sku,_store,_attribute_set,_type,_category,_root_category,_product_websites,accept_offer_price,color,condition,cost,country_of_manufacture,cpu_cores,cpu_quantity,cpu_speed,created_at,custom_design,custom_design_from,custom_design_to,custom_layout_update,decline_offer_price,description,drive,featured,gallery,eneration,gift_message_available,has_options,hdd1_capacity,hdd1_quantity,hdd_size,hdd_tech,image,image_label,media_gallery,meta_description,meta_keyword,meta_title,minimal_price,msrp,msrp_display_actual_price_type,msrp_enabled,name,news_from_date,news_to_date,options_container,page_layout,part_number,part_type,power_supply,price,processor,raid,ram_quantity,ram_technology,required_options,server_compatibility,server_type,short_description,small_image,small_image_label,special_from_date,special_price,special_to_date,status,tax_class_id,thumbnail,thumbnail_label,updated_at,url_key,url_path,visibility,warranty,weight,qty,min_qty,use_config_min_qty,is_qty_decimal,backorders,use_config_backorders,min_sale_qty,use_config_min_sale_qty,max_sale_qty,use_config_max_sale_qty,is_in_stock,notify_stock_qty,use_config_notify_stock_qty,manage_stock,use_config_manage_stock,stock_status_changed_auto,use_config_qty_increments,qty_increments,use_config_enable_qty_inc,enable_qty_increments,is_decimal_divided,_links_related_sku,_links_related_position,_links_crosssell_sku,_links_crosssell_position,_links_upsell_sku,_links_upsell_position,_associated_sku,_associated_default_qty,_associated_position,_tier_price_website,_tier_price_customer_group,_tier_price_qty,_tier_price_price,_group_price_website,_group_price_customer_group,_group_price_price,_media_attribute_id,_media_image,_media_lable,_media_position,_media_is_disabled
pavilion-dv6-6047cl-entertainment-1,,Laptop,simple,Laptops,Default Category,base,690,,,,,Quad,,2.0GHz,2015-01-28 21:38:29,,,,,689,<strong>For Additional Configurations and Operating Systems Call Us at 770-850-8400</strong>,,No,,,,0,1TB,,,,/p/a/pavilion-dv6-6047cl-entertainment.jpg,Pavilion DV6-6047cl Entertainment,,Buy your Pavilion DV6-6047cl Entertainment today or call us to configure one for your needs. Full warranty and thoroughly tested before shipping to you.,,Refurbished Pavilion DV6-6047cl Entertainment Laptops,,,Use config,Use config,Pavilion DV6-6047cl Entertainment,,,Block after Info Column,,,,,690,Intel,,8GB,,0,,,Need an Upgrade? Call Us!<br><strong>770-850-8400</strong>,/p/a/pavilion-dv6-6047cl-entertainment.jpg,Pavilion DV6-6047cl Entertainment,,,,1,2,/p/a/pavilion-dv6-6047cl-entertainment.jpg,Pavilion DV6-6047cl Entertainment,2015-02-24 19:04:34,pavilion-dv6-6047cl-entertainment-1,pavilion-dv6-6047cl-entertainment-1,4,90 Day,45,0,0,1,0,0,1,1,1,0,1,0,1,1,0,1,1,1,0,1,0,0,,,,,,,,,,,,,,,,,88,/p/a/pavilion-dv6-6047cl-entertainment.jpg,Pavilion DV6-6047cl Entertainment,1,0
pavilion-dv6t-1,,Laptop,simple,Laptops,Default Category,base,490,,,,,Quad,,2.4GHz,2015-01-28 21:38:29,,,,,489,<strong>For Additional Configurations and Operating Systems Call Us at 770-850-8400</strong>,,No,,,,0,750GB,,,,/p/a/pavilion-dv6t.jpg,Pavilion DV6T,,Buy your Pavilion DV6T today or call us to configure one for your needs. Full warranty and thoroughly tested before shipping to you.,,Refurbished Pavilion DV6T Laptops,,,Use config,Use config,Pavilion DV6T,,,Block after Info Column,,,,,490,Intel,,8GB,,0,,,Need an Upgrade? Call Us!<br><strong>770-850-8400</strong>,/p/a/pavilion-dv6t.jpg,Pavilion DV6T,,,,1,2,/p/a/pavilion-dv6t.jpg,Pavilion DV6T,2015-02-24 19:04:34,pavilion-dv6t-1,pavilion-dv6t-1,4,90 Day,45,0,0,1,0,0,1,1,1,0,1,0,1,1,0,1,1,1,0,1,0,0,,,,,,,,,,,,,,,,,88,/p/a/pavilion-dv6t.jpg,Pavilion DV6T,1,0
proliant-ml350-g5-dual-core-1,,Server,simple,Servers,Default Category,base,695,,,,,Dual,2,2.66GHz,2015-01-28 21:38:29,,,,,694,<strong>For Additional Configurations and Operating Systems Call Us at 770-850-8400</strong>,Optical,No,,5,,0,250GB,4,"3.5""",SATA,/p/r/proliant-ml350-g5-dual-core.jpg,,,Buy your ProLiant ML350 G5 Dual-Core today or call us to configure one for your needs. Full warranty and thoroughly tested before shipping to you.,,Refurbished ProLiant ML350 G5 Dual-Core Servers,,,Use config,Use config,ProLiant ML350 G5 Dual-Core,,,Block after Info Column,,,,Single,695,Intel,Yes,8GB,DDR2,0,,Tower,Need an Upgrade? Call Us!<br><strong>770-850-8400</strong>,/p/r/proliant-ml350-g5-dual-core.jpg,,,,,1,2,/p/r/proliant-ml350-g5-dual-core.jpg,,2015-02-24 19:04:34,proliant-ml350-g5-dual-core-1,proliant-ml350-g5-dual-core-1,4,1 Year,45,0,0,1,0,0,1,1,1,0,1,0,1,1,0,1,1,1,0,1,0,0,,,,,,,,,,,,,,,,,88,/p/r/proliant-ml350-g5-dual-core.jpg,ProLiant ML350 G5 Dual-Core,1,0
,,,,Servers/HP Servers,Default Category,,,,,,,,,,,,,,,,,,,,,,,,,,,,,,,,,,,,,,,,,,,,,,,,,,,,,,,,,,,,,,,,,,,,,,,,,,,,,,,,,,,,,,,,,,,,,,,,,,,,,,,,,,,,,,
,,,,Servers/HP Servers/HP Tower Servers,Default Category,,,,,,,,,,,,,,,,,,,,,,,,,,,,,,,,,,,,,,,,,,,,,,,,,,,,,,,,,,,,,,,,,,,,,,,,,,,,,,,,,,,,,,,,,,,,,,,,,,,,,,,,,,,,,,
,,,,Startup Servers,Default Category,,,,,,,,,,,,,,,,,,,,,,,,,,,,,,,,,,,,,,,,,,,,,,,,,,,,,,,,,,,,,,,,,,,,,,,,,,,,,,,,,,,,,,,,,,,,,,,,,,,,,,,,,,,,,,
proliant-ml350-g5-quad-core-1,,Server,simple,Servers,Default Category,base,895,,,,,Quad,2,2.5GHz,2015-01-28 21:38:29,,,,,894,<strong>For Additional Configurations and Operating Systems Call Us at 770-850-8400</strong>,Optical,No,,5,,0,2TB,4,"3.5""",SATA,/p/r/proliant-ml350-g5-quad-core.jpg,ProLiant ML350 G5 Quad-Core,,Buy your ProLiant ML350 G5 Quad-Core today or call us to configure one for your needs. Full warranty and thoroughly tested before shipping to you.,,Refurbished ProLiant ML350 G5 Quad-Core Servers,,,Use config,Use config,ProLiant ML350 G5 Quad-Core,,,Block after Info Column,,,,Single,895,Intel,Yes,32GB,DDR2,0,,Tower,Need an Upgrade? Call Us!<br><strong>770-850-8400</strong>,/p/r/proliant-ml350-g5-quad-core.jpg,ProLiant ML350 G5 Quad-Core,,,,1,2,/p/r/proliant-ml350-g5-quad-core.jpg,ProLiant ML350 G5 Quad-Core,2015-02-24 19:04:34,proliant-ml350-g5-quad-core-1,proliant-ml350-g5-quad-core-1,4,1 Year,45,0,0,1,0,0,1,1,1,0,1,0,1,1,0,1,1,1,0,1,0,0,,,,,,,,,,,,,,,,,88,/p/r/proliant-ml350-g5-quad-core.jpg,ProLiant ML350 G5 Quad-Core,1,0
,,,,Servers/HP Servers,Default Category,,,,,,,,,,,,,,,,,,,,,,,,,,,,,,,,,,,,,,,,,,,,,,,,,,,,,,,,,,,,,,,,,,,,,,,,,,,,,,,,,,,,,,,,,,,,,,,,,,,,,,,,,,,,,,
,,,,Servers/HP Servers/HP Tower Servers,Default Category,,,,,,,,,,,,,,,,,,,,,,,,,,,,,,,,,,,,,,,,,,,,,,,,,,,,,,,,,,,,,,,,,,,,,,,,,,,,,,,,,,,,,,,,,,,,,,,,,,,,,,,,,,,,,,
,,,,Servers/HP Servers/HP Rack Servers,Default Category,,,,,,,,,,,,,,,,,,,,,,,,,,,,,,,,,,,,,,,,,,,,,,,,,,,,,,,,,,,,,,,,,,,,,,,,,,,,,,,,,,,,,,,,,,,,,,,,,,,,,,,,,,,,,,
,,,,Startup Servers,Default Category,,,,,,,,,,,,,,,,,,,,,,,,,,,,,,,,,,,,,,,,,,,,,,,,,,,,,,,,,,,,,,,,,,,,,,,,,,,,,,,,,,,,,,,,,,,,,,,,,,,,,,,,,,,,,,
proliant-dl360-g5-dual-core-1,,Server,simple,Servers,Default Category,base,295,,,,,Dual,2,2.33GHz,2015-01-28 21:38:29,,,,,294,"<div id=""product-full-descript""><p>Combining concentrated 1U compute power, integrated Lights-Out management, and essential fault tolerance, the HP ProLiant DL360 is optimized for spaceconstrained installations. Quad or Dual-core Xeon processors, DDR2 Fully Buffered DIMMs, Serial Attached SCSI (SAS) and PCI Express technology provide a high performance system ideal for the full range of scale out applications. What's more, the HP ProLiant DL360 G5 steps up the fault tolerant in an ultra dense platform with redundant power, redundant fans, mirrored memory or online spare memory, embedded RAID capability, and full-featured remote Lights-Out management.</p></div>",Optical,No,,5,,0,146GB,2,"2.5""",SAS,/p/r/proliant-dl360-g5-dual-core.jpg,,,Buy your ProLiant DL360 G5 - Dual-Core today or call us to configure one for your needs. Full warranty and thoroughly tested before shipping to you.,,Refurbished ProLiant DL360 G5 - Dual-Core Servers,,,Use config,Use config,ProLiant DL360 G5 - Dual-Core,,,Block after Info Column,,,,Redundant,295,Intel,Yes,4GB,DDR2,0,,Rack - 1U,Need an Upgrade? Call Us!<br><strong>770-850-8400</strong>,/p/r/proliant-dl360-g5-dual-core.jpg,,,,,1,2,/p/r/proliant-dl360-g5-dual-core.jpg,,2015-03-06 17:46:48,proliant-dl360-g5-dual-core-1,proliant-dl360-g5-dual-core-1,4,1 Year,45,0,0,1,0,0,1,1,1,0,1,0,1,1,0,1,1,1,0,1,0,0,,,,,,,,,,,,,,,,,88,/p/r/proliant-dl360-g5-dual-core.jpg,ProLiant DL360 G5 - Dual-Core,1,0
,,,,Servers/HP Servers,Default Category,,,,,,,,,,,,,,,,,,,,,,,,,,,,,,,,,,,,,,,,,,,,,,,,,,,,,,,,,,,,,,,,,,,,,,,,,,,,,,,,,,,,,,,,,,,,,,,,,,,,,,,,,,,,,,
,,,,Servers/HP Servers/HP Rack Servers,Default Category,,,,,,,,,,,,,,,,,,,,,,,,,,,,,,,,,,,,,,,,,,,,,,,,,,,,,,,,,,,,,,,,,,,,,,,,,,,,,,,,,,,,,,,,,,,,,,,,,,,,,,,,,,,,,,
,,,,Startup Servers,Default Category,,,,,,,,,,,,,,,,,,,,,,,,,,,,,,,,,,,,,,,,,,,,,,,,,,,,,,,,,,,,,,,,,,,,,,,,,,,,,,,,,,,,,,,,,,,,,,,,,,,,,,,,,,,,,,
,,,,Servers/HP Servers/HP 1U Racks,Default Category,,,,,,,,,,,,,,,,,,,,,,,,,,,,,,,,,,,,,,,,,,,,,,,,,,,,,,,,,,,,,,,,,,,,,,,,,,,,,,,,,,,,,,,,,,,,,,,,,,,,,,,,,,,,,,
proliant-dl360-g5-quad-core-1,,Server,simple,Servers,Default Category,base,295,,,,,Quad,2,2.53GHz,2015-01-28 21:38:29,,,,,294,"<div id=""product-full-descript""><p>Combining concentrated 1U compute power, integrated Lights-Out management, and essential fault tolerance, the HP ProLiant DL360 is optimized for spaceconstrained installations. Quad or Dual-core Xeon processors, DDR2 Fully Buffered DIMMs, Serial Attached SCSI (SAS) and PCI Express technology provide a high performance system ideal for the full range of scale out applications. What's more, the HP ProLiant DL360 G5 steps up the fault tolerant in an ultra dense platform with redundant power, redundant fans, mirrored memory or online spare memory, embedded RAID capability, and full-featured remote Lights-Out management.</p></div>",Optical,No,,5,,0,146GB,2,"2.5""",SAS,/p/r/proliant-dl360-g5-quad-core.jpg,,,Buy your ProLiant DL360 G5 - Quad-Core today or call us to configure one for your needs. Full warranty and thoroughly tested before shipping to you.,,Refurbished ProLiant DL360 G5 - Quad-Core Servers,,,Use config,Use config,ProLiant DL360 G5 - Quad-Core,,,Block after Info Column,,,,Redundant,295,Intel,Yes,4GB,DDR2,0,,Rack - 1U,Need an Upgrade? Call Us!<br><strong>770-850-8400</strong>,/p/r/proliant-dl360-g5-quad-core.jpg,,,,,1,2,/p/r/proliant-dl360-g5-quad-core.jpg,,2015-03-06 17:46:48,proliant-dl360-g5-quad-core-1,proliant-dl360-g5-quad-core-1,4,1 Year,45,0,0,1,0,0,1,1,1,0,1,0,1,1,0,1,1,1,0,1,0,0,,,,,,,,,,,,,,,,,88,/p/r/proliant-dl360-g5-quad-core.jpg,ProLiant DL360 G5 - Quad-Core,1,0
,,,,Servers/HP Servers,Default Category,,,,,,,,,,,,,,,,,,,,,,,,,,,,,,,,,,,,,,,,,,,,,,,,,,,,,,,,,,,,,,,,,,,,,,,,,,,,,,,,,,,,,,,,,,,,,,,,,,,,,,,,,,,,,,
,,,,Servers/HP Servers/HP Rack Servers,Default Category,,,,,,,,,,,,,,,,,,,,,,,,,,,,,,,,,,,,,,,,,,,,,,,,,,,,,,,,,,,,,,,,,,,,,,,,,,,,,,,,,,,,,,,,,,,,,,,,,,,,,,,,,,,,,,
,,,,Startup Servers,Default Category,,,,,,,,,,,,,,,,,,,,,,,,,,,,,,,,,,,,,,,,,,,,,,,,,,,,,,,,,,,,,,,,,,,,,,,,,,,,,,,,,,,,,,,,,,,,,,,,,,,,,,,,,,,,,,
,,,,Servers/HP Servers/HP 1U Racks,Default Category,,,,,,,,,,,,,,,,,,,,,,,,,,,,,,,,,,,,,,,,,,,,,,,,,,,,,,,,,,,,,,,,,,,,,,,,,,,,,,,,,,,,,,,,,,,,,,,,,,,,,,,,,,,,,,
proliant-dl380-g5-dual-core-1,,Server,simple,Servers,Default Category,base,455,,,,,Dual,2,2.33GHz,2015-01-28 21:38:29,,,,,454,"<div id=""product-full-descript""><p>The HP ProLiant DL380, the world's best selling server, delivers on its history of design excellence with enterprise-class uptime andmanageability, proven 2-socket Intel&reg; Xeon&reg; performance, and 2U density for a variety of rack deployments and applications.</p></div>",Optical,No,,5,,0,146GB,2,"2.5""",SAS,/p/r/proliant-dl380-g5-dual-core.jpg,,,Buy your ProLiant DL380 G5 - Dual-Core today or call us to configure one for your needs. Full warranty and thoroughly tested before shipping to you.,,Refurbished ProLiant DL380 G5 - Dual-Core Servers,,,Use config,Use config,ProLiant DL380 G5 - Dual-Core,,,Block after Info Column,,,,Redundant,455,Intel,Yes,4GB,DDR2,0,,Rack - 2U,Need an Upgrade? Call Us!<br><strong>770-850-8400</strong>,/p/r/proliant-dl380-g5-dual-core.jpg,,,,,1,2,/p/r/proliant-dl380-g5-dual-core.jpg,,2015-03-06 17:46:48,proliant-dl380-g5-dual-core-1,proliant-dl380-g5-dual-core-1,4,1 Year,45,0,0,1,0,0,1,1,1,0,1,0,1,1,0,1,1,1,0,1,0,0,,,,,,,,,,,,,,,,,88,/p/r/proliant-dl380-g5-dual-core.jpg,ProLiant DL380 G5 - Dual-Core,1,0
,,,,Servers/HP Servers,Default Category,,,,,,,,,,,,,,,,,,,,,,,,,,,,,,,,,,,,,,,,,,,,,,,,,,,,,,,,,,,,,,,,,,,,,,,,,,,,,,,,,,,,,,,,,,,,,,,,,,,,,,,,,,,,,,
,,,,Servers/HP Servers/HP Rack Servers,Default Category,,,,,,,,,,,,,,,,,,,,,,,,,,,,,,,,,,,,,,,,,,,,,,,,,,,,,,,,,,,,,,,,,,,,,,,,,,,,,,,,,,,,,,,,,,,,,,,,,,,,,,,,,,,,,,
,,,,Startup Servers,Default Category,,,,,,,,,,,,,,,,,,,,,,,,,,,,,,,,,,,,,,,,,,,,,,,,,,,,,,,,,,,,,,,,,,,,,,,,,,,,,,,,,,,,,,,,,,,,,,,,,,,,,,,,,,,,,,
,,,,Servers/HP Servers/HP 2U Racks,Default Category,,,,,,,,,,,,,,,,,,,,,,,,,,,,,,,,,,,,,,,,,,,,,,,,,,,,,,,,,,,,,,,,,,,,,,,,,,,,,,,,,,,,,,,,,,,,,,,,,,,,,,,,,,,,,,
proliant-dl380-g5-quad-core-1,,Server,simple,Servers,Default Category,base,595,,,,,Quad,2,2.53GHz,2015-01-28 21:38:29,,,,,594,"<div id=""product-full-descript""><p>The HP ProLiant DL380, the world's best selling server, delivers on its history of design excellence with enterprise-class uptime andmanageability, proven 2-socket Intel&reg; Xeon&reg; performance, and 2U density for a variety of rack deployments and applications.</p></div>",Optical,No,,5,,0,146GB,2,"2.5""",SAS,/p/r/proliant-dl380-g5-quad-core.jpg,,,Buy your ProLiant DL380 G5 - Quad-Core today or call us to configure one for your needs. Full warranty and thoroughly tested before shipping to you.,,Refurbished ProLiant DL380 G5 - Quad-Core Servers,,,Use config,Use config,ProLiant DL380 G5 - Quad-Core,,,Block after Info Column,,,,Redundant,595,Intel,Yes,4GB,DDR2,0,,Rack - 2U,Need an Upgrade? Call Us!<br><strong>770-850-8400</strong>,/p/r/proliant-dl380-g5-quad-core.jpg,,,,,1,2,/p/r/proliant-dl380-g5-quad-core.jpg,,2015-03-06 17:46:48,proliant-dl380-g5-quad-core-1,proliant-dl380-g5-quad-core-1,4,1 Year,45,0,0,1,0,0,1,1,1,0,1,0,1,1,0,1,1,1,0,1,0,0,,,,,,,,,,,,,,,,,88,/p/r/proliant-dl380-g5-quad-core.jpg,ProLiant DL380 G5 - Quad-Core,1,0
,,,,Servers/HP Servers,Default Category,,,,,,,,,,,,,,,,,,,,,,,,,,,,,,,,,,,,,,,,,,,,,,,,,,,,,,,,,,,,,,,,,,,,,,,,,,,,,,,,,,,,,,,,,,,,,,,,,,,,,,,,,,,,,,
,,,,Servers/HP Servers/HP Rack Servers,Default Category,,,,,,,,,,,,,,,,,,,,,,,,,,,,,,,,,,,,,,,,,,,,,,,,,,,,,,,,,,,,,,,,,,,,,,,,,,,,,,,,,,,,,,,,,,,,,,,,,,,,,,,,,,,,,,
,,,,Startup Servers,Default Category,,,,,,,,,,,,,,,,,,,,,,,,,,,,,,,,,,,,,,,,,,,,,,,,,,,,,,,,,,,,,,,,,,,,,,,,,,,,,,,,,,,,,,,,,,,,,,,,,,,,,,,,,,,,,,
,,,,Servers/HP Servers/HP 2U Racks,Default Category,,,,,,,,,,,,,,,,,,,,,,,,,,,,,,,,,,,,,,,,,,,,,,,,,,,,,,,,,,,,,,,,,,,,,,,,,,,,,,,,,,,,,,,,,,,,,,,,,,,,,,,,,,,,,,
proliant-dl160-g6-1,,Server,simple,Servers,Default Category,base,995,,,,,Quad,2,2.26GHz,2015-01-28 21:38:29,,,,,994,<strong>For Additional Configurations and Operating Systems Call Us at 770-850-8400</strong>,Optical,No,,6,,0,146GB,2,"3.5""",SAS,/p/r/proliant-dl160-g6.jpg,,,Buy your ProLiant DL160 G6 today or call us to configure one for your needs. Full warranty and thoroughly tested before shipping to you.,,Refurbished ProLiant DL160 G6 Servers,,,Use config,Use config,ProLiant DL160 G6,,,Block after Info Column,,,,Redundant,995,Intel,Yes,16GB,DDR3,0,,Rack - 1U,Need an Upgrade? Call Us!<br><strong>770-850-8400</strong>,/p/r/proliant-dl160-g6.jpg,,,,,1,2,/p/r/proliant-dl160-g6.jpg,,2015-03-06 17:46:48,proliant-dl160-g6-1,proliant-dl160-g6-1,4,3 Year,45,0,0,1,0,0,1,1,1,0,1,0,1,1,0,1,1,1,0,1,0,0,,,,,,,,,,,,,,,,,88,/p/r/proliant-dl160-g6.jpg,ProLiant DL160 G6,1,0
,,,,Servers/HP Servers,Default Category,,,,,,,,,,,,,,,,,,,,,,,,,,,,,,,,,,,,,,,,,,,,,,,,,,,,,,,,,,,,,,,,,,,,,,,,,,,,,,,,,,,,,,,,,,,,,,,,,,,,,,,,,,,,,,
,,,,Servers/HP Servers/HP Rack Servers,Default Category,,,,,,,,,,,,,,,,,,,,,,,,,,,,,,,,,,,,,,,,,,,,,,,,,,,,,,,,,,,,,,,,,,,,,,,,,,,,,,,,,,,,,,,,,,,,,,,,,,,,,,,,,,,,,,
,,,,Servers/HP Servers/HP 1U Racks,Default Category,,,,,,,,,,,,,,,,,,,,,,,,,,,,,,,,,,,,,,,,,,,,,,,,,,,,,,,,,,,,,,,,,,,,,,,,,,,,,,,,,,,,,,,,,,,,,,,,,,,,,,,,,,,,,,
proliant-dl180-g6-1,,Server,simple,Servers,Default Category,base,999,,,,,Quad,2,2.26GHz,2015-01-28 21:38:29,,,,,998,"<div id=""product-full-descript""><p>The HP ProLiant DL180 G6 Server is a cost-effective, general-purpose server that meets the needs of all types of businesses. With powerful dual-processor capability, power efficiency and essential features for 32-bit and 64-bit applications. The DL180 G6 is a great choice for either server or storage uses.  Items marked with a * are available for upgrade directly on our site, if you require other upgrades please use the Request a Quote button or Call Us Toll-Free at 1(888)413-8900.</p></div>",Optical,No,,6,,0,146GB,4,"2.5""",SAS,/p/r/proliant-dl180-g6.jpg,,,Buy your ProLiant DL180 G6 today or call us to configure one for your needs. Full warranty and thoroughly tested before shipping to you.,,Refurbished ProLiant DL180 G6 Servers,,,Use config,Use config,ProLiant DL180 G6,,,Block after Info Column,,,,Single,999,Intel,Yes,16GB,DDR3,0,,Rack - 1U,Need an Upgrade? Call Us!<br><strong>770-850-8400</strong>,/p/r/proliant-dl180-g6.jpg,,,,,1,2,/p/r/proliant-dl180-g6.jpg,,2015-03-06 17:46:48,proliant-dl180-g6-1,proliant-dl180-g6-1,4,3 Year,45,0,0,1,0,0,1,1,1,0,1,0,1,1,0,1,1,1,0,1,0,0,,,,,,,,,,,,,,,,,88,/p/r/proliant-dl180-g6.jpg,ProLiant DL180 G6,1,0
,,,,Servers/HP Servers,Default Category,,,,,,,,,,,,,,,,,,,,,,,,,,,,,,,,,,,,,,,,,,,,,,,,,,,,,,,,,,,,,,,,,,,,,,,,,,,,,,,,,,,,,,,,,,,,,,,,,,,,,,,,,,,,,,
,,,,Servers/HP Servers/HP Rack Servers,Default Category,,,,,,,,,,,,,,,,,,,,,,,,,,,,,,,,,,,,,,,,,,,,,,,,,,,,,,,,,,,,,,,,,,,,,,,,,,,,,,,,,,,,,,,,,,,,,,,,,,,,,,,,,,,,,,
,,,,Servers/HP Servers/HP 1U Racks,Default Category,,,,,,,,,,,,,,,,,,,,,,,,,,,,,,,,,,,,,,,,,,,,,,,,,,,,,,,,,,,,,,,,,,,,,,,,,,,,,,,,,,,,,,,,,,,,,,,,,,,,,,,,,,,,,,
proliant-dl360-g6-1,,Server,simple,Servers,Default Category,base,655,,,,,Quad,2,2.53GHz,2015-01-28 21:38:29,,,,,654,<strong>For Additional Configurations and Operating Systems Call Us at 770-850-8400</strong>,Optical,No,,6,,0,146GB,2,"2.5""",SAS,/p/r/proliant-dl360-g6-8x-2.5-chassis.jpg,"ProLiant DL360 G6 - 8x 2.5"" Chassis",,"Buy your ProLiant DL360 G6 - 8x 2.5"" Chassis today or call us to configure one for your needs. Full warranty and thoroughly tested before shipping to you.",,Refurbished ProLiant DL360 G6 Servers,,,Use config,Use config,ProLiant DL360 G6,,,Block after Info Column,,,,Single,655,Intel,Yes,8GB,DDR3,0,,Rack - 1U,Need an Upgrade? Call Us!<br><strong>770-850-8400</strong>,/p/r/proliant-dl360-g6-8x-2.5-chassis.jpg,"ProLiant DL360 G6 - 8x 2.5"" Chassis",,,,1,2,/p/r/proliant-dl360-g6-8x-2.5-chassis.jpg,"ProLiant DL360 G6 - 8x 2.5"" Chassis",2015-03-06 17:46:48,proliant-dl360-g6-1,proliant-dl360-g6-1,4,3 Year,45,0,0,1,0,0,1,1,1,0,1,0,1,1,0,1,1,1,0,1,0,0,,,,,,,,,,,,,,,,,88,/p/r/proliant-dl360-g6-8x-2.5-chassis.jpg,"ProLiant DL360 G6 - 8x 2.5"" Chassis",1,0
,,,,Servers/HP Servers,Default Category,,,,,,,,,,,,,,,,,,,,,,,,,,,,,,,,,,,,,,,,,,,,,,,,,,,,,,,,,,,,,,,,,,,,,,,,,,,,,,,,,,,,,,,,,,,,,,,,,,,,,,,,,,,,,,
,,,,Servers/HP Servers/HP Rack Servers,Default Category,,,,,,,,,,,,,,,,,,,,,,,,,,,,,,,,,,,,,,,,,,,,,,,,,,,,,,,,,,,,,,,,,,,,,,,,,,,,,,,,,,,,,,,,,,,,,,,,,,,,,,,,,,,,,,
,,,,Servers/HP Servers/HP 1U Racks,Default Category,,,,,,,,,,,,,,,,,,,,,,,,,,,,,,,,,,,,,,,,,,,,,,,,,,,,,,,,,,,,,,,,,,,,,,,,,,,,,,,,,,,,,,,,,,,,,,,,,,,,,,,,,,,,,,
proliant-dl370-g6-1,,Server,simple,Servers,Default Category,base,1195,,,,,Dual,2,2.26GHz,2015-01-28 21:38:29,,,,,1194,<strong>For Additional Configurations and Operating Systems Call Us at 770-850-8400</strong>,Optical,No,,6,,0,146GB,6,"2.5""",SAS,/p/r/proliant-dl370-g6.jpg,,,Buy your Proliant DL370 G6 today or call us to configure one for your needs. Full warranty and thoroughly tested before shipping to you.,,Refurbished Proliant DL370 G6 Servers,,,Use config,Use config,Proliant DL370 G6,,,Block after Info Column,,,,Redundant,1195,Intel,Yes,32GB,DDR3,0,,Rack - 4U+,Need an Upgrade? Call Us!<br><strong>770-850-8400</strong>,/p/r/proliant-dl370-g6.jpg,,,,,1,2,/p/r/proliant-dl370-g6.jpg,,2015-03-06 17:46:48,proliant-dl370-g6-1,proliant-dl370-g6-1,4,3 Year,45,0,0,1,0,0,1,1,1,0,1,0,1,1,0,1,1,1,0,1,0,0,,,,,,,,,,,,,,,,,88,/p/r/proliant-dl370-g6.jpg,Proliant DL370 G6,1,0
,,,,Servers/HP Servers,Default Category,,,,,,,,,,,,,,,,,,,,,,,,,,,,,,,,,,,,,,,,,,,,,,,,,,,,,,,,,,,,,,,,,,,,,,,,,,,,,,,,,,,,,,,,,,,,,,,,,,,,,,,,,,,,,,
,,,,Servers/HP Servers/HP Rack Servers,Default Category,,,,,,,,,,,,,,,,,,,,,,,,,,,,,,,,,,,,,,,,,,,,,,,,,,,,,,,,,,,,,,,,,,,,,,,,,,,,,,,,,,,,,,,,,,,,,,,,,,,,,,,,,,,,,,
,,,,Servers/HP Servers/HP 4U+ Racks,Default Category,,,,,,,,,,,,,,,,,,,,,,,,,,,,,,,,,,,,,,,,,,,,,,,,,,,,,,,,,,,,,,,,,,,,,,,,,,,,,,,,,,,,,,,,,,,,,,,,,,,,,,,,,,,,,,
proliant-dl380-g6-1,,Server,simple,Servers,Default Category,base,675,,,,,Quad,2,2.26GHz,2015-01-28 21:38:29,,,,,674,"<div id=""product-full-descript""><p>The HP ProLiant DL380, the world's best selling server, delivers on its history of design excellence with enterprise-class uptime andmanageability, proven 2-socket Intel&reg; Xeon&reg; performance, and 2U density for a variety of rack deployments and applications. Items marked with a * are available for upgrade directly on our site, if you require other upgrades please use the Request a Quote button or Call Us Toll-Free at 1(888)413-8900.</p></div>",Optical,No,,6,,0,146GB,2,"2.5""",SAS,/p/r/proliant-dl380-g6.jpg,ProLiant DL380 G6,,Buy your ProLiant DL380 G6 today or call us to configure one for your needs. Full warranty and thoroughly tested before shipping to you.,,Refurbished ProLiant DL380 G6 Servers,,,Use config,Use config,ProLiant DL380 G6,,,Block after Info Column,,,,Single,675,Intel,Yes,16GB,DDR3,0,,Rack - 2U,Need an Upgrade? Call Us!<br><strong>770-850-8400</strong>,/p/r/proliant-dl380-g6.jpg,ProLiant DL380 G6,,,,1,2,/p/r/proliant-dl380-g6.jpg,ProLiant DL380 G6,2015-03-06 17:46:48,proliant-dl380-g6-1,proliant-dl380-g6-1,4,3 Year,45,0,0,1,0,0,1,1,1,0,1,0,1,1,0,1,1,1,0,1,0,0,,,,,,,,,,,,,,,,,88,/p/r/proliant-dl380-g6.jpg,ProLiant DL380 G6,1,0
,,,,Servers/HP Servers,Default Category,,,,,,,,,,,,,,,,,,,,,,,,,,,,,,,,,,,,,,,,,,,,,,,,,,,,,,,,,,,,,,,,,,,,,,,,,,,,,,,,,,,,,,,,,,,,,,,,,,,,,,,,,,,,,,
,,,,Servers/HP Servers/HP Rack Servers,Default Category,,,,,,,,,,,,,,,,,,,,,,,,,,,,,,,,,,,,,,,,,,,,,,,,,,,,,,,,,,,,,,,,,,,,,,,,,,,,,,,,,,,,,,,,,,,,,,,,,,,,,,,,,,,,,,
,,,,Servers/HP Servers/HP 2U Racks,Default Category,,,,,,,,,,,,,,,,,,,,,,,,,,,,,,,,,,,,,,,,,,,,,,,,,,,,,,,,,,,,,,,,,,,,,,,,,,,,,,,,,,,,,,,,,,,,,,,,,,,,,,,,,,,,,,
proliant-dl380-g6-nas-server-1,,Server,simple,Servers,Default Category,base,1450,,,,,Quad,2,2.26GHz,2015-01-28 21:38:29,,,,,1449,<strong>For Additional Configurations and Operating Systems Call Us at 770-850-8400</strong>,Optical,Yes,,6,,0,500GB,8,"2.5""",SATA,/p/r/proliant-dl380-g6-nas-server.jpg,,,Buy your ProLiant DL380 G6 NAS Server today or call us to configure one for your needs. Full warranty and thoroughly tested before shipping to you.,,Refurbished ProLiant DL380 G6 NAS Server Servers,,,Use config,Use config,ProLiant DL380 G6 NAS Server,,,Block after Info Column,,,,Redundant,1450,Intel,Yes,16GB,DDR3,0,,Rack - 2U,Need an Upgrade? Call Us!<br><strong>770-850-8400</strong>,/p/r/proliant-dl380-g6-nas-server.jpg,,,,,1,2,/p/r/proliant-dl380-g6-nas-server.jpg,,2015-03-06 17:46:48,proliant-dl380-g6-nas-server-1,proliant-dl380-g6-nas-server-1,4,3 Year,45,0,0,1,0,0,1,1,1,0,1,0,1,1,0,1,1,1,0,1,0,0,,,,,,,,,,,,,,,,,88,/p/r/proliant-dl380-g6-nas-server.jpg,ProLiant DL380 G6 NAS Server,1,0
,,,,Servers/HP Servers,Default Category,,,,,,,,,,,,,,,,,,,,,,,,,,,,,,,,,,,,,,,,,,,,,,,,,,,,,,,,,,,,,,,,,,,,,,,,,,,,,,,,,,,,,,,,,,,,,,,,,,,,,,,,,,,,,,
,,,,Servers/HP Servers/HP Rack Servers,Default Category,,,,,,,,,,,,,,,,,,,,,,,,,,,,,,,,,,,,,,,,,,,,,,,,,,,,,,,,,,,,,,,,,,,,,,,,,,,,,,,,,,,,,,,,,,,,,,,,,,,,,,,,,,,,,,
,,,,Servers/HP Servers/HP 2U Racks,Default Category,,,,,,,,,,,,,,,,,,,,,,,,,,,,,,,,,,,,,,,,,,,,,,,,,,,,,,,,,,,,,,,,,,,,,,,,,,,,,,,,,,,,,,,,,,,,,,,,,,,,,,,,,,,,,,
proliant-ml110-g6-1,,Server,simple,Servers,Default Category,base,595,,,,,Quad,1,2.66GHz,2015-01-28 21:38:29,,,,,594,<strong>For Additional Configurations and Operating Systems Call Us at 770-850-8400</strong>,Optical,No,,6,,0,146GB,2,"3.5""",SAS,/p/r/proliant-ml110-g6.jpg,Proliant ML110 G6,,Buy your Proliant ML110 G6 today or call us to configure one for your needs. Full warranty and thoroughly tested before shipping to you.,,Refurbished Proliant ML110 G6 Servers,,,Use config,Use config,Proliant ML110 G6,,,Block after Info Column,,,,Single,695,Intel,Yes,8GB,DDR3,0,,Tower,Need an Upgrade? Call Us!<br><strong>770-850-8400</strong>,/p/r/proliant-ml110-g6.jpg,Proliant ML110 G6,,,,1,2,/p/r/proliant-ml110-g6.jpg,Proliant ML110 G6,2015-02-26 15:43:52,proliant-ml110-g6-1,proliant-ml110-g6-1,4,1 Year,45,0,0,1,0,0,1,1,1,0,1,0,1,1,0,1,1,1,0,1,0,0,,,,,,,,,,,,,,,,,88,/p/r/proliant-ml110-g6.jpg,Proliant ML110 G6,1,0
,,,,Servers/HP Servers,Default Category,,,,,,,,,,,,,,,,,,,,,,,,,,,,,,,,,,,,,,,,,,,,,,,,,,,,,,,,,,,,,,,,,,,,,,,,,,,,,,,,,,,,,,,,,,,,,,,,,,,,,,,,,,,,,,
,,,,Servers/HP Servers/HP Tower Servers,Default Category,,,,,,,,,,,,,,,,,,,,,,,,,,,,,,,,,,,,,,,,,,,,,,,,,,,,,,,,,,,,,,,,,,,,,,,,,,,,,,,,,,,,,,,,,,,,,,,,,,,,,,,,,,,,,,
proliant-ml350-g6-1,,Server,simple,Servers,Default Category,base,1495,,,,,Six,2,2.66GHz,2015-01-28 21:38:29,,,,,1494,<strong>For Additional Configurations and Operating Systems Call Us at 770-850-8400</strong>,Optical,No,,6,,0,2TB,2,"3.5""",SATA,/p/r/proliant-ml350-g6.jpg,,,Buy your Proliant ML350 G6 today or call us to configure one for your needs. Full warranty and thoroughly tested before shipping to you.,,Refurbished Proliant ML350 G6 Servers,,,Use config,Use config,Proliant ML350 G6,,,Block after Info Column,,,,Redundant,1495,Intel,Yes,32GB,DDR3,0,,Tower,Need an Upgrade? Call Us!<br><strong>770-850-8400</strong>,/p/r/proliant-ml350-g6.jpg,,,,,1,2,/p/r/proliant-ml350-g6.jpg,,2015-02-24 19:04:34,proliant-ml350-g6-1,proliant-ml350-g6-1,4,1 Year,45,0,0,1,0,0,1,1,1,0,1,0,1,1,0,1,1,1,0,1,0,0,,,,,,,,,,,,,,,,,88,/p/r/proliant-ml350-g6.jpg,ProLiant ML350 G6,1,0
,,,,Servers/HP Servers,Default Category,,,,,,,,,,,,,,,,,,,,,,,,,,,,,,,,,,,,,,,,,,,,,,,,,,,,,,,,,,,,,,,,,,,,,,,,,,,,,,,,,,,,,,,,,,,,,,,,,,,,,,,,,,,,,,
,,,,Servers/HP Servers/HP Tower Servers,Default Category,,,,,,,,,,,,,,,,,,,,,,,,,,,,,,,,,,,,,,,,,,,,,,,,,,,,,,,,,,,,,,,,,,,,,,,,,,,,,,,,,,,,,,,,,,,,,,,,,,,,,,,,,,,,,,
proliant-dl360-g7-1,,Server,simple,Servers,Default Category,base,2455,,,,,Six,2,2.6GHz,2015-01-28 21:38:29,,,,,2454,<strong>For Additional Configurations and Operating Systems Call Us at 770-850-8400</strong>,Optical,Yes,,7,,0,500GB,4,"2.5""",SATA,/p/r/proliant-dl360-g7.jpg,,,Buy your Proliant DL360 G7 today or call us to configure one for your needs. Full warranty and thoroughly tested before shipping to you.,,Refurbished Proliant DL360 G7 Servers,,,Use config,Use config,Proliant DL360 G7,,,Block after Info Column,,,,Redundant,2455,Intel,Yes,24GB,DDR3,0,,Rack - 1U,Need an Upgrade? Call Us!<br><strong>770-850-8400</strong>,/p/r/proliant-dl360-g7.jpg,,,,,1,2,/p/r/proliant-dl360-g7.jpg,,2015-03-06 17:46:48,proliant-dl360-g7-1,proliant-dl360-g7-1,4,3 Year,45,0,0,1,0,0,1,1,1,0,1,0,1,1,0,1,1,1,0,1,0,0,,,,,,,,,,,,,,,,,88,/p/r/proliant-dl360-g7.jpg,Proliant DL360 G7,1,0
,,,,Servers/HP Servers,Default Category,,,,,,,,,,,,,,,,,,,,,,,,,,,,,,,,,,,,,,,,,,,,,,,,,,,,,,,,,,,,,,,,,,,,,,,,,,,,,,,,,,,,,,,,,,,,,,,,,,,,,,,,,,,,,,
,,,,Servers/HP Servers/HP Rack Servers,Default Category,,,,,,,,,,,,,,,,,,,,,,,,,,,,,,,,,,,,,,,,,,,,,,,,,,,,,,,,,,,,,,,,,,,,,,,,,,,,,,,,,,,,,,,,,,,,,,,,,,,,,,,,,,,,,,
,,,,Servers/HP Servers/HP 1U Racks,Default Category,,,,,,,,,,,,,,,,,,,,,,,,,,,,,,,,,,,,,,,,,,,,,,,,,,,,,,,,,,,,,,,,,,,,,,,,,,,,,,,,,,,,,,,,,,,,,,,,,,,,,,,,,,,,,,
proliant-dl380-g7-1,,Server,simple,Servers,Default Category,base,2424,,,,,Six,2,2.6GHz,2015-01-28 21:38:29,,,,,2423,<strong>For Additional Configurations and Operating Systems Call Us at 770-850-8400</strong>,Optical,Yes,,7,,0,300GB,8,"2.5""",SAS,/p/r/proliant-dl380-g7.jpg,,,Buy your Proliant DL380 G7 today or call us to configure one for your needs. Full warranty and thoroughly tested before shipping to you.,,Refurbished Proliant DL380 G7 Servers,,,Use config,Use config,Proliant DL380 G7,,,Block after Info Column,,,,Redundant,2424,Intel,Yes,24GB,DDR3,0,,Rack - 2U,Need an Upgrade? Call Us!<br><strong>770-850-8400</strong>,/p/r/proliant-dl380-g7.jpg,,,,,1,2,/p/r/proliant-dl380-g7.jpg,,2015-03-06 17:46:48,proliant-dl380-g7-1,proliant-dl380-g7-1,4,3 Year,45,0,0,1,0,0,1,1,1,0,1,0,1,1,0,1,1,1,0,1,0,0,,,,,,,,,,,,,,,,,88,/p/r/proliant-dl380-g7.jpg,Proliant DL380 G7,1,0
,,,,Servers/HP Servers,Default Category,,,,,,,,,,,,,,,,,,,,,,,,,,,,,,,,,,,,,,,,,,,,,,,,,,,,,,,,,,,,,,,,,,,,,,,,,,,,,,,,,,,,,,,,,,,,,,,,,,,,,,,,,,,,,,
,,,,Servers/HP Servers/HP Rack Servers,Default Category,,,,,,,,,,,,,,,,,,,,,,,,,,,,,,,,,,,,,,,,,,,,,,,,,,,,,,,,,,,,,,,,,,,,,,,,,,,,,,,,,,,,,,,,,,,,,,,,,,,,,,,,,,,,,,
,,,,Servers/HP Servers/HP 2U Racks,Default Category,,,,,,,,,,,,,,,,,,,,,,,,,,,,,,,,,,,,,,,,,,,,,,,,,,,,,,,,,,,,,,,,,,,,,,,,,,,,,,,,,,,,,,,,,,,,,,,,,,,,,,,,,,,,,,
proliant-dl580-g7-1,,Server,simple,Servers,Default Category,base,4995,,,,,Eight,4,2.26GHz,2015-01-28 21:38:29,,,,,4994,<strong>For Additional Configurations and Operating Systems Call Us at 770-850-8400</strong>,Optical,No,,7,,0,256GB,4,"2.5""",SAS,/p/r/proliant-dl580-g7.jpg,,,Buy your ProLiant DL580 G7 today or call us to configure one for your needs. Full warranty and thoroughly tested before shipping to you.,,Refurbished ProLiant DL580 G7 Servers,,,Use config,Use config,ProLiant DL580 G7,,,Block after Info Column,,,,Single,4995,Intel,Yes,128GB,DDR,0,,Rack - 4U+,Need an Upgrade? Call Us!<br><strong>770-850-8400</strong>,/p/r/proliant-dl580-g7.jpg,,,,,1,2,/p/r/proliant-dl580-g7.jpg,,2015-03-06 17:46:48,proliant-dl580-g7-1,proliant-dl580-g7-1,4,3 Year,45,0,0,1,0,0,1,1,1,0,1,0,1,1,0,1,1,1,0,1,0,0,,,,,,,,,,,,,,,,,88,/p/r/proliant-dl580-g7.jpg,ProLiant DL580 G7,1,0
,,,,Servers/HP Servers,Default Category,,,,,,,,,,,,,,,,,,,,,,,,,,,,,,,,,,,,,,,,,,,,,,,,,,,,,,,,,,,,,,,,,,,,,,,,,,,,,,,,,,,,,,,,,,,,,,,,,,,,,,,,,,,,,,
,,,,Servers/HP Servers/HP Rack Servers,Default Category,,,,,,,,,,,,,,,,,,,,,,,,,,,,,,,,,,,,,,,,,,,,,,,,,,,,,,,,,,,,,,,,,,,,,,,,,,,,,,,,,,,,,,,,,,,,,,,,,,,,,,,,,,,,,,
,,,,Servers/HP Servers/HP 4U+ Racks,Default Category,,,,,,,,,,,,,,,,,,,,,,,,,,,,,,,,,,,,,,,,,,,,,,,,,,,,,,,,,,,,,,,,,,,,,,,,,,,,,,,,,,,,,,,,,,,,,,,,,,,,,,,,,,,,,,
proliant-dl585-g7-1,,Server,simple,Servers,Default Category,base,3350,,,,,Twelve,2,2.4GHz,2015-01-28 21:38:29,,,,,3349,<strong>For Additional Configurations and Operating Systems Call Us at 770-850-8400</strong>,Optical,No,,7,,0,146GB,8,"2.5""",SAS,/p/r/proliant-dl585-g7.jpg,,,Buy your Proliant DL585 G7 today or call us to configure one for your needs. Full warranty and thoroughly tested before shipping to you.,,Refurbished Proliant DL585 G7 Servers,,,Use config,Use config,Proliant DL585 G7,,,Block after Info Column,,,,Four,3350,AMD,Yes,64GB,DDR3,0,,Rack - 4U+,Need an Upgrade? Call Us!<br><strong>770-850-8400</strong>,/p/r/proliant-dl585-g7.jpg,,,,,1,2,/p/r/proliant-dl585-g7.jpg,,2015-03-06 17:46:48,proliant-dl585-g7-1,proliant-dl585-g7-1,4,3 Year,45,0,0,1,0,0,1,1,1,0,1,0,1,1,0,1,1,1,0,1,0,0,,,,,,,,,,,,,,,,,88,/p/r/proliant-dl585-g7.jpg,Proliant DL585 G7,1,0
,,,,Servers/HP Servers,Default Category,,,,,,,,,,,,,,,,,,,,,,,,,,,,,,,,,,,,,,,,,,,,,,,,,,,,,,,,,,,,,,,,,,,,,,,,,,,,,,,,,,,,,,,,,,,,,,,,,,,,,,,,,,,,,,
,,,,Servers/HP Servers/HP Rack Servers,Default Category,,,,,,,,,,,,,,,,,,,,,,,,,,,,,,,,,,,,,,,,,,,,,,,,,,,,,,,,,,,,,,,,,,,,,,,,,,,,,,,,,,,,,,,,,,,,,,,,,,,,,,,,,,,,,,
,,,,Servers/HP Servers/HP 4U+ Racks,Default Category,,,,,,,,,,,,,,,,,,,,,,,,,,,,,,,,,,,,,,,,,,,,,,,,,,,,,,,,,,,,,,,,,,,,,,,,,,,,,,,,,,,,,,,,,,,,,,,,,,,,,,,,,,,,,,
proliant-dl360-g8-1,,Server,simple,Servers,Default Category,base,3777,,,,,Quad,2,2.4GHz,2015-01-28 21:38:29,,,,,3776,<strong>For Additional Configurations and Operating Systems Call Us at 770-850-8400</strong>,Optical,No,,8,,0,1TB,2,"2.5""",SATA,/p/r/proliant-dl360-g8.jpg,,,Buy your Proliant DL360 G8 today or call us to configure one for your needs. Full warranty and thoroughly tested before shipping to you.,,Refurbished Proliant DL360 G8 Servers,,,Use config,Use config,Proliant DL360 G8,,,Block after Info Column,,,,Redundant,3777,Intel,Yes,8GB,DDR3,0,,Rack - 1U,Need an Upgrade? Call Us!<br><strong>770-850-8400</strong>,/p/r/proliant-dl360-g8.jpg,,,,,1,2,/p/r/proliant-dl360-g8.jpg,,2015-03-06 17:46:48,proliant-dl360-g8-1,proliant-dl360-g8-1,4,3 Year,45,0,0,1,0,0,1,1,1,0,1,0,1,1,0,1,1,1,0,1,0,0,,,,,,,,,,,,,,,,,88,/p/r/proliant-dl360-g8.jpg,Proliant DL360 G8,1,0
,,,,Servers/HP Servers,Default Category,,,,,,,,,,,,,,,,,,,,,,,,,,,,,,,,,,,,,,,,,,,,,,,,,,,,,,,,,,,,,,,,,,,,,,,,,,,,,,,,,,,,,,,,,,,,,,,,,,,,,,,,,,,,,,
,,,,Servers/HP Servers/HP Rack Servers,Default Category,,,,,,,,,,,,,,,,,,,,,,,,,,,,,,,,,,,,,,,,,,,,,,,,,,,,,,,,,,,,,,,,,,,,,,,,,,,,,,,,,,,,,,,,,,,,,,,,,,,,,,,,,,,,,,
,,,,Servers/HP Servers/HP 1U Racks,Default Category,,,,,,,,,,,,,,,,,,,,,,,,,,,,,,,,,,,,,,,,,,,,,,,,,,,,,,,,,,,,,,,,,,,,,,,,,,,,,,,,,,,,,,,,,,,,,,,,,,,,,,,,,,,,,,
proliant-dl380-g8-1,,Server,simple,Servers,Default Category,base,5454,,,,,Six,2,1.9GHz,2015-01-28 21:38:29,,,,,5453,<strong>For Additional Configurations and Operating Systems Call Us at 770-850-8400</strong>,Optical,No,,8,,0,1TB,2,"2.5""",SAS,/p/r/proliant-dl380-g8.jpg,,,Buy your Proliant DL380 G8 today or call us to configure one for your needs. Full warranty and thoroughly tested before shipping to you.,,Refurbished Proliant DL380 G8 Servers,,,Use config,Use config,Proliant DL380 G8,,,Block after Info Column,,,,Redundant,5454,Intel,Yes,24GB,DDR3,0,,Rack - 2U,Need an Upgrade? Call Us!<br><strong>770-850-8400</strong>,/p/r/proliant-dl380-g8.jpg,,,,,1,2,/p/r/proliant-dl380-g8.jpg,,2015-03-06 17:46:48,proliant-dl380-g8-1,proliant-dl380-g8-1,4,3 Year,45,0,0,1,0,0,1,1,1,0,1,0,1,1,0,1,1,1,0,1,0,0,,,,,,,,,,,,,,,,,88,/p/r/proliant-dl380-g8.jpg,Proliant DL380 G8,1,0
,,,,Servers/HP Servers,Default Category,,,,,,,,,,,,,,,,,,,,,,,,,,,,,,,,,,,,,,,,,,,,,,,,,,,,,,,,,,,,,,,,,,,,,,,,,,,,,,,,,,,,,,,,,,,,,,,,,,,,,,,,,,,,,,
,,,,Servers/HP Servers/HP Rack Servers,Default Category,,,,,,,,,,,,,,,,,,,,,,,,,,,,,,,,,,,,,,,,,,,,,,,,,,,,,,,,,,,,,,,,,,,,,,,,,,,,,,,,,,,,,,,,,,,,,,,,,,,,,,,,,,,,,,
,,,,Servers/HP Servers/HP 2U Racks,Default Category,,,,,,,,,,,,,,,,,,,,,,,,,,,,,,,,,,,,,,,,,,,,,,,,,,,,,,,,,,,,,,,,,,,,,,,,,,,,,,,,,,,,,,,,,,,,,,,,,,,,,,,,,,,,,,
proliant-dl380p-g8-1,,Server,simple,Servers,Default Category,base,5995,,,,,Six,2,1.9GHz,2015-01-28 21:38:29,,,,,5994,<strong>For Additional Configurations and Operating Systems Call Us at 770-850-8400</strong>,Optical,No,,8,,0,450GB,8,"2.5""",SAS,/p/r/proliant-dl380p-g8.jpg,,,Buy your Proliant DL380P G8 today or call us to configure one for your needs. Full warranty and thoroughly tested before shipping to you.,,Refurbished Proliant DL380P G8 Servers,,,Use config,Use config,Proliant DL380P G8,,,Block after Info Column,,,,Redundant,5995,Intel,Yes,96GB,DDR3,0,,Rack - 2U,Need an Upgrade? Call Us!<br><strong>770-850-8400</strong>,/p/r/proliant-dl380p-g8.jpg,,,,,1,2,/p/r/proliant-dl380p-g8.jpg,,2015-03-06 17:46:48,proliant-dl380p-g8-1,proliant-dl380p-g8-1,4,3 Year,45,0,0,1,0,0,1,1,1,0,1,0,1,1,0,1,1,1,0,1,0,0,,,,,,,,,,,,,,,,,88,/p/r/proliant-dl380p-g8.jpg,Proliant DL380P G8,1,0
,,,,Servers/HP Servers,Default Category,,,,,,,,,,,,,,,,,,,,,,,,,,,,,,,,,,,,,,,,,,,,,,,,,,,,,,,,,,,,,,,,,,,,,,,,,,,,,,,,,,,,,,,,,,,,,,,,,,,,,,,,,,,,,,
,,,,Servers/HP Servers/HP Rack Servers,Default Category,,,,,,,,,,,,,,,,,,,,,,,,,,,,,,,,,,,,,,,,,,,,,,,,,,,,,,,,,,,,,,,,,,,,,,,,,,,,,,,,,,,,,,,,,,,,,,,,,,,,,,,,,,,,,,
,,,,Servers/HP Servers/HP 2U Racks,Default Category,,,,,,,,,,,,,,,,,,,,,,,,,,,,,,,,,,,,,,,,,,,,,,,,,,,,,,,,,,,,,,,,,,,,,,,,,,,,,,,,,,,,,,,,,,,,,,,,,,,,,,,,,,,,,,
proliant-dl580-g8-1,,Server,simple,Servers,Default Category,base,34500,,,,,Twelve,2,2.6GHz,2015-01-28 21:38:29,,,,,34499,<strong>For Additional Configurations and Operating Systems Call Us at 770-850-8400</strong>,Optical,No,,8,,0,900GB,4,"2.5""",SAS,/p/r/proliant-dl580-g8.jpg,Proliant DL580 G8,,Buy your Proliant DL580 G8 today or call us to configure one for your needs. Full warranty and thoroughly tested before shipping to you.,,Refurbished Proliant DL580 G8 Servers,,,Use config,Use config,Proliant DL580 G8,,,Block after Info Column,,,,Redundant,34500,Intel,Yes,128GB,DDR3,0,,Rack - 4U+,Need an Upgrade? Call Us!<br><strong>770-850-8400</strong>,/p/r/proliant-dl580-g8.jpg,Proliant DL580 G8,,,,1,2,/p/r/proliant-dl580-g8.jpg,Proliant DL580 G8,2015-03-06 17:59:25,proliant-dl580-g8-1,proliant-dl580-g8-1,4,3 Year,45,0,0,1,0,0,1,1,1,0,1,0,1,1,0,1,1,1,0,1,0,0,,,,,,,,,,,,,,,,,88,/p/r/proliant-dl580-g8.jpg,Proliant DL580 G8,1,0
,,,,Servers/HP Servers,Default Category,,,,,,,,,,,,,,,,,,,,,,,,,,,,,,,,,,,,,,,,,,,,,,,,,,,,,,,,,,,,,,,,,,,,,,,,,,,,,,,,,,,,,,,,,,,,,,,,,,,,,,,,,,,,,,
,,,,Servers/HP Servers/HP Rack Servers,Default Category,,,,,,,,,,,,,,,,,,,,,,,,,,,,,,,,,,,,,,,,,,,,,,,,,,,,,,,,,,,,,,,,,,,,,,,,,,,,,,,,,,,,,,,,,,,,,,,,,,,,,,,,,,,,,,
,,,,Servers/HP Servers/HP 4U+ Racks,Default Category,,,,,,,,,,,,,,,,,,,,,,,,,,,,,,,,,,,,,,,,,,,,,,,,,,,,,,,,,,,,,,,,,,,,,,,,,,,,,,,,,,,,,,,,,,,,,,,,,,,,,,,,,,,,,,
storageworks-mds600-storage-array-1,,Storage,simple,Storage,Default Category,base,28500,,,,,,,,2015-01-28 21:38:31,,,,,28499,<strong>For Additional Configurations and Operating Systems Call Us at 770-850-8400</strong>,,No,,,,0,4TB,70,"3.5""",SATA,/s/t/storageworks-mds600-storage-array.jpg,StorageWorks MDS600 Storage Array,,Buy your StorageWorks MDS600 Storage Array today or call us to configure one for your needs. Full warranty and thoroughly tested before shipping to you.,,Refurbished StorageWorks MDS600 Storage Array Storage,,,Use config,Use config,StorageWorks MDS600 Storage Array,,,Block after Info Column,,,,,28500,,,,,0,,,Need an Upgrade? Call Us!<br><strong>770-850-8400</strong>,/s/t/storageworks-mds600-storage-array.jpg,StorageWorks MDS600 Storage Array,,,,1,2,/s/t/storageworks-mds600-storage-array.jpg,StorageWorks MDS600 Storage Array,2015-02-24 19:04:35,storageworks-mds600-storage-array-1,storageworks-mds600-storage-array-1,4,3 Year,45,0,0,1,0,0,1,1,1,0,1,0,1,1,0,1,1,1,0,1,0,0,,,,,,,,,,,,,,,,,88,/s/t/storageworks-mds600-storage-array.jpg,StorageWorks MDS600 Storage Array,1,0
,,,,Storage/HP Storage,Default Category,,,,,,,,,,,,,,,,,,,,,,,,,,,,,,,,,,,,,,,,,,,,,,,,,,,,,,,,,,,,,,,,,,,,,,,,,,,,,,,,,,,,,,,,,,,,,,,,,,,,,,,,,,,,,,
z420-1,,Workstation,simple,Workstations,Default Category,base,1650,,,,,Quad,1,3.6GHz,2015-01-28 21:38:31,,,,,1649,<strong>For Additional Configurations and Operating Systems Call Us at 770-850-8400</strong>,Optical,No,,,,0,2TB,2,"3.5""",SATA,/z/4/z420.jpg,Z420,,Buy your Z420 today or call us to configure one for your needs. Full warranty and thoroughly tested before shipping to you.,,Refurbished Z420 Workstations,,,Use config,Use config,Z420,,,Block after Info Column,,,,Single,1650,Intel,None,8GB,DDR3,0,,,Need an Upgrade? Call Us!<br><strong>770-850-8400</strong>,/z/4/z420.jpg,Z420,,,,1,2,/z/4/z420.jpg,Z420,2015-02-24 19:04:36,z420-1,z420-1,4,1 Year,45,0,0,1,0,0,1,1,1,0,1,0,1,1,0,1,1,1,0,1,0,0,,,,,,,,,,,,,,,,,88,/z/4/z420.jpg,Z420,1,0
,,,,Workstations/HP Workstations,Default Category,,,,,,,,,,,,,,,,,,,,,,,,,,,,,,,,,,,,,,,,,,,,,,,,,,,,,,,,,,,,,,,,,,,,,,,,,,,,,,,,,,,,,,,,,,,,,,,,,,,,,,,,,,,,,,
z600-1,,Workstation,simple,Workstations,Default Category,base,950,,,,,Six,2,2.66GHz,2015-01-28 21:38:31,,,,,949,<strong>For Additional Configurations and Operating Systems Call Us at 770-850-8400</strong>,Optical,No,,,,0,1TB,2,"3.5""",SATA,/z/6/z600.jpg,Z600,,Buy your Z600 today or call us to configure one for your needs. Full warranty and thoroughly tested before shipping to you.,,Refurbished Z600 Workstations,,,Use config,Use config,Z600,,,Block after Info Column,,,,Single,950,Intel,None,12GB,DDR3,0,,,Need an Upgrade? Call Us!<br><strong>770-850-8400</strong>,/z/6/z600.jpg,Z600,,,,1,2,/z/6/z600.jpg,Z600,2015-02-24 19:04:36,z600-1,z600-1,4,1 Year,45,0,0,1,0,0,1,1,1,0,1,0,1,1,0,1,1,1,0,1,0,0,,,,,,,,,,,,,,,,,88,/z/6/z600.jpg,Z600,1,0
,,,,Workstations/HP Workstations,Default Category,,,,,,,,,,,,,,,,,,,,,,,,,,,,,,,,,,,,,,,,,,,,,,,,,,,,,,,,,,,,,,,,,,,,,,,,,,,,,,,,,,,,,,,,,,,,,,,,,,,,,,,,,,,,,,
z620-1,,Workstation,simple,Workstations,Default Category,base,3445,,,,,Quad,1,2.4GHz,2015-01-28 21:38:31,,,,,3444,<strong>For Additional Configurations and Operating Systems Call Us at 770-850-8400</strong>,Optical,No,,,,0,1TB,1,"3.5""",SATA,/z/6/z620.jpg,Z620,,Buy your Z620 today or call us to configure one for your needs. Full warranty and thoroughly tested before shipping to you.,,Refurbished Z620 Workstations,,,Use config,Use config,Z620,,,Block after Info Column,,,,Single,3445,Intel,None,12GB,DDR3,0,,,Need an Upgrade? Call Us!<br><strong>770-850-8400</strong>,/z/6/z620.jpg,Z620,,,,1,2,/z/6/z620.jpg,Z620,2015-02-24 19:04:36,z620-1,z620-1,4,1 Year,45,0,0,1,0,0,1,1,1,0,1,0,1,1,0,1,1,1,0,1,0,0,,,,,,,,,,,,,,,,,88,/z/6/z620.jpg,Z620,1,0
,,,,Workstations/HP Workstations,Default Category,,,,,,,,,,,,,,,,,,,,,,,,,,,,,,,,,,,,,,,,,,,,,,,,,,,,,,,,,,,,,,,,,,,,,,,,,,,,,,,,,,,,,,,,,,,,,,,,,,,,,,,,,,,,,,
z800-1,,Workstation,simple,Workstations,Default Category,base,925,,,,,Six,1,2.9GHz,2015-01-28 21:38:31,,,,,924,<strong>For Additional Configurations and Operating Systems Call Us at 770-850-8400</strong>,Optical,Yes,,,,0,1TB,1,"3.5""",SATA,/z/8/z800.jpg,Z800,,Buy your Z800 today or call us to configure one for your needs. Full warranty and thoroughly tested before shipping to you.,,Refurbished Z800 Workstations,,,Use config,Use config,Z800,,,Block after Info Column,,,,Single,925,Intel,None,12GB,DDR3,0,,,Need an Upgrade? Call Us!<br><strong>770-850-8400</strong>,/z/8/z800.jpg,Z800,,,,1,2,/z/8/z800.jpg,Z800,2015-02-24 19:04:36,z800-1,z800-1,4,1 Year,45,0,0,1,0,0,1,1,1,0,1,0,1,1,0,1,1,1,0,1,0,0,,,,,,,,,,,,,,,,,88,/z/8/z800.jpg,Z800,1,0
,,,,Workstations/HP Workstations,Default Category,,,,,,,,,,,,,,,,,,,,,,,,,,,,,,,,,,,,,,,,,,,,,,,,,,,,,,,,,,,,,,,,,,,,,,,,,,,,,,,,,,,,,,,,,,,,,,,,,,,,,,,,,,,,,,
z820-1,,Workstation,simple,Workstations,Default Category,base,2250,,,,,Six,2,2.0GHz,2015-01-28 21:38:31,,,,,2249,<strong>For Additional Configurations and Operating Systems Call Us at 770-850-8400</strong>,Optical,No,,,,0,160GB,1,"3.5""",SATA,/z/8/z820.jpg,Z820,,Buy your Z820 today or call us to configure one for your needs. Full warranty and thoroughly tested before shipping to you.,,Refurbished Z820 Workstations,,,Use config,Use config,Z820,,,Block after Info Column,,,,Single,2250,Intel,None,12GB,DDR3,0,,,Need an Upgrade? Call Us!<br><strong>770-850-8400</strong>,/z/8/z820.jpg,Z820,,,,1,2,/z/8/z820.jpg,Z820,2015-02-24 19:04:36,z820-1,z820-1,4,None,45,0,0,1,0,0,1,1,1,0,1,0,1,1,0,1,1,1,0,1,0,0,,,,,,,,,,,,,,,,,88,/z/8/z820.jpg,Z820,1,0
,,,,Workstations/HP Workstations,Default Category,,,,,,,,,,,,,,,,,,,,,,,,,,,,,,,,,,,,,,,,,,,,,,,,,,,,,,,,,,,,,,,,,,,,,,,,,,,,,,,,,,,,,,,,,,,,,,,,,,,,,,,,,,,,,,
